model,benchmark,category,template,count,denominator,percentage
DeepSeek-Prover-V2-7B,FATE-H,Unsolved goals,unsolved goals,586,3914,14.971896
DeepSeek-Prover-V2-7B,FATE-H,Unresolved name,unknown constant 'ID',501,3914,12.800204
DeepSeek-Prover-V2-7B,FATE-H,Missing instance,failed to synthesize instance of type class,415,3914,10.602964
DeepSeek-Prover-V2-7B,FATE-H,Unresolved name,unknown identifier 'ID',356,3914,9.095554
DeepSeek-Prover-V2-7B,FATE-H,Tactic failure,tactic 'ID' made no progress,261,3914,6.668370
DeepSeek-Prover-V2-7B,FATE-H,Type mismatch,type mismatch,252,3914,6.438426
DeepSeek-Prover-V2-7B,FATE-H,Resource exhaustion,"(deterministic) timeout at 'ID', maximum number of heartbeats (NUM) has been reached",206,3914,5.263158
DeepSeek-Prover-V2-7B,FATE-H,Tactic failure,"tactic 'ID' failed, nested error",152,3914,3.883495
DeepSeek-Prover-V2-7B,FATE-H,Type mismatch,application type mismatch: The argument,149,3914,3.806847
DeepSeek-Prover-V2-7B,FATE-H,Unresolved name,"invalid field 'ID', the environment does not contain 'ID'",122,3914,3.117016
DeepSeek-Prover-V2-7B,FATE-H,Type mismatch,"type mismatch: After simplification, term",75,3914,1.916198
DeepSeek-Prover-V2-7B,FATE-H,Tactic failure,no goals to be solved,64,3914,1.635156
DeepSeek-Prover-V2-7B,FATE-H,Type mismatch,function expected at 'ID',58,3914,1.481860
DeepSeek-Prover-V2-7B,FATE-H,Tactic failure,omega could not prove the goal:,54,3914,1.379663
DeepSeek-Prover-V2-7B,FATE-H,Tactic failure,"tactic 'ID' failed, did not find the pattern in the target expression",53,3914,1.354113
DeepSeek-Prover-V2-7B,FATE-H,Missing instance,failed to synthesize,49,3914,1.251916
DeepSeek-Prover-V2-7B,FATE-H,Tactic failure,"tactic 'ID' failed, could not unify the conclusion of 'ID'",42,3914,1.073071
DeepSeek-Prover-V2-7B,FATE-H,Tactic failure,"tactic 'ID' failed, the left-hand side does not match the right-hand side",42,3914,1.073071
DeepSeek-Prover-V2-7B,FATE-H,Tactic failure,"tactic 'ID' failed, insufficient number of binders",28,3914,0.715381
DeepSeek-Prover-V2-7B,FATE-H,Type mismatch,invalid 'ID' notation: The expected type 'ID' has more than one constructor,27,3914,0.689831
DeepSeek-Prover-V2-7B,FATE-H,Tactic failure,linarith failed to find a contradiction,24,3914,0.613183
DeepSeek-Prover-V2-7B,FATE-H,Tactic failure,tactic 'ID' failed,24,3914,0.613183
DeepSeek-Prover-V2-7B,FATE-H,Missing instance,type class instance expected,23,3914,0.587634
DeepSeek-Prover-V2-7B,FATE-H,Syntax error,unexpected token 'TOKEN'; expected 'TOKEN',23,3914,0.587634
DeepSeek-Prover-V2-7B,FATE-H,Missing instance,typeclass instance problem is stuck,21,3914,0.536536
DeepSeek-Prover-V2-7B,FATE-H,Tactic failure,could not synthesize default value for field 'ID' of 'ID' using tactics,20,3914,0.510986
DeepSeek-Prover-V2-7B,FATE-H,Tactic failure,"tactic 'ID' failed, 'ID' is not an inductive datatype",19,3914,0.485437
DeepSeek-Prover-V2-7B,FATE-H,Unresolved name,unknown universe level 'ID',19,3914,0.485437
DeepSeek-Prover-V2-7B,FATE-H,Unresolved name,'ID' is not a field of structure 'ID',17,3914,0.434338
DeepSeek-Prover-V2-7B,FATE-H,Tactic failure,no applicable extensionality theorem found for 'TYPE',13,3914,0.332141
DeepSeek-Prover-V2-7B,FATE-H,Tactic failure,invalid rewrite argument: expected an equality or iff proof or definition name,11,3914,0.281042
DeepSeek-Prover-V2-7B,FATE-H,Syntax error,unexpected token 'TOKEN'; expected command,10,3914,0.255493
DeepSeek-Prover-V2-7B,FATE-H,Type mismatch,fields missing: 'ID',10,3914,0.255493
DeepSeek-Prover-V2-7B,FATE-H,Tactic failure,"tactic 'ID' failed, motive is not type correct",9,3914,0.229944
DeepSeek-Prover-V2-7B,FATE-H,Tactic failure,"tactic 'ID' failed, expected the goal to be a binary relation",8,3914,0.204394
DeepSeek-Prover-V2-7B,FATE-H,Type mismatch,invalid argument name 'ID' for function 'ID',8,3914,0.204394
DeepSeek-Prover-V2-7B,FATE-H,Syntax error,unexpected token 'TOKEN'; expected identifier,7,3914,0.178845
DeepSeek-Prover-V2-7B,FATE-H,Type mismatch,invalid 'ID' notation: The expected type 'ID' is not an inductive type,7,3914,0.178845
DeepSeek-Prover-V2-7B,FATE-H,Type mismatch,invalid 'ID' notation: The expected type of this term could not be determined,7,3914,0.178845
DeepSeek-Prover-V2-7B,FATE-H,Type mismatch,"numerals are data in Lean, but the expected type is a proposition",7,3914,0.178845
DeepSeek-Prover-V2-7B,FATE-H,Type mismatch,"type expected, got",7,3914,0.178845
DeepSeek-Prover-V2-7B,FATE-H,Syntax error,unexpected syntax,6,3914,0.153296
DeepSeek-Prover-V2-7B,FATE-H,Tactic failure,"tactic 'ID' failed, major premise type is not an inductive type",6,3914,0.153296
DeepSeek-Prover-V2-7B,FATE-H,Type mismatch,invalid argument: variable 'ID' is not a proposition or let-declaration,6,3914,0.153296
DeepSeek-Prover-V2-7B,FATE-H,Tactic failure,invalid alternative name 'ID',5,3914,0.127747
DeepSeek-Prover-V2-7B,FATE-H,Type mismatch,insufficient number of fields for 'ID' constructor,5,3914,0.127747
DeepSeek-Prover-V2-7B,FATE-H,Syntax error,expected token,4,3914,0.102197
DeepSeek-Prover-V2-7B,FATE-H,Syntax error,unexpected token 'TOKEN'; expected 'TOKEN' or tactic,4,3914,0.102197
DeepSeek-Prover-V2-7B,FATE-H,Syntax error,unexpected token 'TOKEN'; expected term,4,3914,0.102197
DeepSeek-Prover-V2-7B,FATE-H,Tactic failure,"tactic 'ID' failed, no applicable constructor found",4,3914,0.102197
DeepSeek-Prover-V2-7B,FATE-H,Type mismatch,cannot coerce,4,3914,0.102197
DeepSeek-Prover-V2-7B,FATE-H,Unresolved name,ambiguous term,4,3914,0.102197
DeepSeek-Prover-V2-7B,FATE-H,Syntax error,unexpected end of input; expected 'TOKEN',3,3914,0.076648
DeepSeek-Prover-V2-7B,FATE-H,Tactic failure,alternative 'ID' has not been provided,3,3914,0.076648
DeepSeek-Prover-V2-7B,FATE-H,Tactic failure,"extensionality tactic only applies to equalities, not 'TYPE'",3,3914,0.076648
DeepSeek-Prover-V2-7B,FATE-H,Tactic failure,"tactic 'ID' failed, 'TERM'",3,3914,0.076648
DeepSeek-Prover-V2-7B,FATE-H,Type mismatch,'ID' expression has type,3,3914,0.076648
DeepSeek-Prover-V2-7B,FATE-H,Type mismatch,application type mismatch: The last,3,3914,0.076648
DeepSeek-Prover-V2-7B,FATE-H,Type mismatch,don't know how to synthesize placeholder for argument 'ID',3,3914,0.076648
DeepSeek-Prover-V2-7B,FATE-H,Type mismatch,"failed to prove index is valid, possible solutions:",3,3914,0.076648
DeepSeek-Prover-V2-7B,FATE-H,Type mismatch,invalid field notation: Field projection operates on types of the form 'ID' where C is a constant. The expression,3,3914,0.076648
DeepSeek-Prover-V2-7B,FATE-H,Type mismatch,invalid projection: Projection operates on structure-like types with fields. The expression,3,3914,0.076648
DeepSeek-Prover-V2-7B,FATE-H,Type mismatch,invalid projection: index 'ID' is invalid for this structure,3,3914,0.076648
DeepSeek-Prover-V2-7B,FATE-H,Type mismatch,"invalid {...} notation, expected type is not known",3,3914,0.076648
DeepSeek-Prover-V2-7B,FATE-H,Syntax error,"unexpected token 'TOKEN'; expected 'TOKEN', 'TOKEN' or 'TOKEN'",2,3914,0.051099
DeepSeek-Prover-V2-7B,FATE-H,Syntax error,"unexpected token 'TOKEN'; expected 'TOKEN', 'TOKEN', 'TOKEN', 'TOKEN' or term",2,3914,0.051099
DeepSeek-Prover-V2-7B,FATE-H,Tactic failure,failed to rewrite using equation theorems for 'ID',2,3914,0.051099
DeepSeek-Prover-V2-7B,FATE-H,Tactic failure,"invalid simp theorem: Expected a proposition, but found",2,3914,0.051099
DeepSeek-Prover-V2-7B,FATE-H,Tactic failure,"tactic 'ID' failed, could not unify the type of 'ID'",2,3914,0.051099
DeepSeek-Prover-V2-7B,FATE-H,Tactic failure,tactic 'ID' proved that the proposition,2,3914,0.051099
DeepSeek-Prover-V2-7B,FATE-H,Type mismatch,"invalid 'ID' step, right-hand side is",2,3914,0.051099
DeepSeek-Prover-V2-7B,FATE-H,Type mismatch,"invalid field notation, function 'ID' does not have an argument with the required receiver type",2,3914,0.051099
DeepSeek-Prover-V2-7B,FATE-H,Type mismatch,"numerals are data in Lean, but the expected type is universe polymorphic and may be a proposition",2,3914,0.051099
DeepSeek-Prover-V2-7B,FATE-H,Unresolved name,unknown tactic 'ID',2,3914,0.051099
DeepSeek-Prover-V2-7B,FATE-H,Syntax error,"unexpected end of input; expected 'TOKEN', 'TOKEN' or 'TOKEN'",1,3914,0.025549
DeepSeek-Prover-V2-7B,FATE-H,Syntax error,unexpected identifier,1,3914,0.025549
DeepSeek-Prover-V2-7B,FATE-H,Syntax error,unexpected identifier; expected 'TOKEN',1,3914,0.025549
DeepSeek-Prover-V2-7B,FATE-H,Syntax error,"unexpected identifier; expected 'TOKEN', 'TOKEN' or 'TOKEN'",1,3914,0.025549
DeepSeek-Prover-V2-7B,FATE-H,Syntax error,unexpected identifier; expected command,1,3914,0.025549
DeepSeek-Prover-V2-7B,FATE-H,Syntax error,"unexpected token 'TOKEN'; expected 'TOKEN', 'TOKEN', 'TOKEN', 'TOKEN', 'TOKEN', identifier or term",1,3914,0.025549
DeepSeek-Prover-V2-7B,FATE-H,Tactic failure,'ID' could not apply 'ID' to the main goal.,1,3914,0.025549
DeepSeek-Prover-V2-7B,FATE-H,Tactic failure,case tag 'ID' not found,1,3914,0.025549
DeepSeek-Prover-V2-7B,FATE-H,Tactic failure,elaboration function for 'ID' has not been implemented,1,3914,0.025549
DeepSeek-Prover-V2-7B,FATE-H,Tactic failure,not a positivity goal,1,3914,0.025549
DeepSeek-Prover-V2-7B,FATE-H,Tactic failure,tactic 'ID' failed to unfold 'ID' in,1,3914,0.025549
DeepSeek-Prover-V2-7B,FATE-H,Tactic failure,unexpected term 'ID'; expected single reference to variable,1,3914,0.025549
DeepSeek-Prover-V2-7B,FATE-H,Type mismatch,(kernel) application type mismatch,1,3914,0.025549
DeepSeek-Prover-V2-7B,FATE-H,Type mismatch,invalid 'ID' notation: The expected type 'ID' has no constructors,1,3914,0.025549
DeepSeek-Prover-V2-7B,FATE-H,Type mismatch,"invalid 'ID' step, left-hand side is",1,3914,0.025549
DeepSeek-Prover-V2-7B,FATE-H,Type mismatch,invalid pattern: constructor or constant marked with 'ID' expected,1,3914,0.025549
DeepSeek-Prover-V2-7B,FATE-H,Type mismatch,"invalid projection: Projections cannot be used on functions, and",1,3914,0.025549
DeepSeek-Prover-V2-7B,FATE-H,Type mismatch,mod_cast has type,1,3914,0.025549
DeepSeek-Prover-V2-7B,FATE-H,Unresolved name,"overloaded, errors",1,3914,0.025549
DeepSeek-Prover-V2-7B,FATE-H,Unresolved name,unknown free variable 'ID',1,3914,0.025549
DeepSeek-Prover-V2-7B,FATE-M,Missing instance,failed to synthesize instance of type class,2028,8971,22.606175
DeepSeek-Prover-V2-7B,FATE-M,Unsolved goals,unsolved goals,1033,8971,11.514881
DeepSeek-Prover-V2-7B,FATE-M,Unresolved name,unknown identifier 'ID',906,8971,10.099209
DeepSeek-Prover-V2-7B,FATE-M,Tactic failure,tactic 'ID' made no progress,886,8971,9.876268
DeepSeek-Prover-V2-7B,FATE-M,Unresolved name,unknown constant 'ID',656,8971,7.312451
DeepSeek-Prover-V2-7B,FATE-M,Type mismatch,type mismatch,503,8971,5.606956
DeepSeek-Prover-V2-7B,FATE-M,Tactic failure,"tactic 'ID' failed, nested error",327,8971,3.645079
DeepSeek-Prover-V2-7B,FATE-M,Type mismatch,application type mismatch: The argument,293,8971,3.266080
DeepSeek-Prover-V2-7B,FATE-M,Resource exhaustion,"(deterministic) timeout at 'ID', maximum number of heartbeats (NUM) has been reached",274,8971,3.054286
DeepSeek-Prover-V2-7B,FATE-M,Tactic failure,"tactic 'ID' failed, did not find the pattern in the target expression",267,8971,2.976257
DeepSeek-Prover-V2-7B,FATE-M,Tactic failure,no goals to be solved,249,8971,2.775610
DeepSeek-Prover-V2-7B,FATE-M,Type mismatch,"type mismatch: After simplification, term",200,8971,2.229406
DeepSeek-Prover-V2-7B,FATE-M,Unresolved name,"invalid field 'ID', the environment does not contain 'ID'",162,8971,1.805819
DeepSeek-Prover-V2-7B,FATE-M,Tactic failure,linarith failed to find a contradiction,104,8971,1.159291
DeepSeek-Prover-V2-7B,FATE-M,Tactic failure,"tactic 'ID' failed, insufficient number of binders",104,8971,1.159291
DeepSeek-Prover-V2-7B,FATE-M,Tactic failure,omega could not prove the goal:,98,8971,1.092409
DeepSeek-Prover-V2-7B,FATE-M,Type mismatch,function expected at 'ID',81,8971,0.902909
DeepSeek-Prover-V2-7B,FATE-M,Tactic failure,"tactic 'ID' failed, could not unify the conclusion of 'ID'",67,8971,0.746851
DeepSeek-Prover-V2-7B,FATE-M,Tactic failure,"tactic 'ID' failed, could not unify the type of 'ID'",54,8971,0.601940
DeepSeek-Prover-V2-7B,FATE-M,Missing instance,failed to synthesize,53,8971,0.590793
DeepSeek-Prover-V2-7B,FATE-M,Type mismatch,"invalid 'ID' step, left-hand side is",52,8971,0.579646
DeepSeek-Prover-V2-7B,FATE-M,Tactic failure,"tactic 'ID' failed, 'ID' is not an inductive datatype",44,8971,0.490469
DeepSeek-Prover-V2-7B,FATE-M,Syntax error,unexpected token 'TOKEN'; expected 'TOKEN',39,8971,0.434734
DeepSeek-Prover-V2-7B,FATE-M,Type mismatch,fields missing: 'ID',34,8971,0.378999
DeepSeek-Prover-V2-7B,FATE-M,Unresolved name,'ID' is not a field of structure 'ID',31,8971,0.345558
DeepSeek-Prover-V2-7B,FATE-M,Tactic failure,tactic 'ID' failed,30,8971,0.334411
DeepSeek-Prover-V2-7B,FATE-M,Tactic failure,"tactic 'ID' failed, 'TERM'",30,8971,0.334411
DeepSeek-Prover-V2-7B,FATE-M,Type mismatch,insufficient number of fields for 'ID' constructor,30,8971,0.334411
DeepSeek-Prover-V2-7B,FATE-M,Missing instance,typeclass instance problem is stuck,29,8971,0.323264
DeepSeek-Prover-V2-7B,FATE-M,Tactic failure,"tactic 'ID' failed, the left-hand side does not match the right-hand side",24,8971,0.267529
DeepSeek-Prover-V2-7B,FATE-M,Tactic failure,invalid rewrite argument: expected an equality or iff proof or definition name,22,8971,0.245235
DeepSeek-Prover-V2-7B,FATE-M,Type mismatch,invalid 'ID' notation: The expected type 'ID' is not an inductive type,16,8971,0.178352
DeepSeek-Prover-V2-7B,FATE-M,Type mismatch,"invalid 'ID' step, right-hand side is",16,8971,0.178352
DeepSeek-Prover-V2-7B,FATE-M,Tactic failure,"tactic 'ID' failed, invalid equality proof, it is not of the form (x = t) or (t = x)",15,8971,0.167205
DeepSeek-Prover-V2-7B,FATE-M,Missing instance,type class instance expected,11,8971,0.122617
DeepSeek-Prover-V2-7B,FATE-M,Tactic failure,tactic 'ID' proved that the proposition,11,8971,0.122617
DeepSeek-Prover-V2-7B,FATE-M,Type mismatch,invalid projection: Projection operates on structure-like types with fields. The expression,11,8971,0.122617
DeepSeek-Prover-V2-7B,FATE-M,Tactic failure,could not synthesize default value for field 'ID' of 'ID' using tactics,10,8971,0.111470
DeepSeek-Prover-V2-7B,FATE-M,Tactic failure,no applicable extensionality theorem found for 'TYPE',10,8971,0.111470
DeepSeek-Prover-V2-7B,FATE-M,Tactic failure,"failed to prove strict positivity, but it would be possible to prove nonnegativity if desired",9,8971,0.100323
DeepSeek-Prover-V2-7B,FATE-M,Type mismatch,"invalid field notation, function 'ID' does not have an argument with the required receiver type",9,8971,0.100323
DeepSeek-Prover-V2-7B,FATE-M,Type mismatch,invalid field notation: Identifier or numeral expected,9,8971,0.100323
DeepSeek-Prover-V2-7B,FATE-M,Tactic failure,"tactic 'ID' failed, motive is not type correct",8,8971,0.089176
DeepSeek-Prover-V2-7B,FATE-M,Type mismatch,invalid argument name 'ID' for function 'ID',8,8971,0.089176
DeepSeek-Prover-V2-7B,FATE-M,Type mismatch,invalid field notation: Field projection operates on types of the form 'ID' where C is a constant. The expression,8,8971,0.089176
DeepSeek-Prover-V2-7B,FATE-M,Syntax error,expected token,6,8971,0.066882
DeepSeek-Prover-V2-7B,FATE-M,Type mismatch,invalid projection: Projection operates on types of the form 'ID' where C is a constant. The expression,6,8971,0.066882
DeepSeek-Prover-V2-7B,FATE-M,Unresolved name,unknown tactic 'ID',6,8971,0.066882
DeepSeek-Prover-V2-7B,FATE-M,Tactic failure,invalid alternative name 'ID',5,8971,0.055735
DeepSeek-Prover-V2-7B,FATE-M,Type mismatch,mod_cast has type,5,8971,0.055735
DeepSeek-Prover-V2-7B,FATE-M,Syntax error,unexpected token 'TOKEN'; expected command,4,8971,0.044588
DeepSeek-Prover-V2-7B,FATE-M,Tactic failure,alternative 'ID' has not been provided,4,8971,0.044588
DeepSeek-Prover-V2-7B,FATE-M,Tactic failure,"tactic 'ID' failed, major premise type is not an inductive type",4,8971,0.044588
DeepSeek-Prover-V2-7B,FATE-M,Type mismatch,don't know how to synthesize implicit argument 'ID',4,8971,0.044588
DeepSeek-Prover-V2-7B,FATE-M,Type mismatch,invalid argument: variable 'ID' is not a proposition or let-declaration,4,8971,0.044588
DeepSeek-Prover-V2-7B,FATE-M,Type mismatch,"invalid {...} notation, expected type is not known",4,8971,0.044588
DeepSeek-Prover-V2-7B,FATE-M,Type mismatch,"numerals are data in Lean, but the expected type is a proposition",4,8971,0.044588
DeepSeek-Prover-V2-7B,FATE-M,Syntax error,unexpected end of input; expected 'TOKEN',3,8971,0.033441
DeepSeek-Prover-V2-7B,FATE-M,Tactic failure,interval_cases failed: could not find upper bound on 'TERM',3,8971,0.033441
DeepSeek-Prover-V2-7B,FATE-M,Type mismatch,'ID' expression has type,3,8971,0.033441
DeepSeek-Prover-V2-7B,FATE-M,Type mismatch,"failed to elaborate eliminator, expected type is not available",3,8971,0.033441
DeepSeek-Prover-V2-7B,FATE-M,Type mismatch,"invalid 'ID' notation, the equality",3,8971,0.033441
DeepSeek-Prover-V2-7B,FATE-M,Type mismatch,invalid 'ID' notation: The expected type,3,8971,0.033441
DeepSeek-Prover-V2-7B,FATE-M,Unresolved name,"overloaded, errors",3,8971,0.033441
DeepSeek-Prover-V2-7B,FATE-M,Resource exhaustion,maximum recursion depth has been reached,2,8971,0.022294
DeepSeek-Prover-V2-7B,FATE-M,Syntax error,unexpected syntax,2,8971,0.022294
DeepSeek-Prover-V2-7B,FATE-M,Tactic failure,aesop: exceeded maximum number of normalisation iterations (NUM). This means normalisation probably got stuck in an infinite loop.,2,8971,0.022294
DeepSeek-Prover-V2-7B,FATE-M,Tactic failure,"extensionality tactic only applies to equalities, not 'TYPE'",2,8971,0.022294
DeepSeek-Prover-V2-7B,FATE-M,Type mismatch,failed to infer 'ID' declaration type,2,8971,0.022294
DeepSeek-Prover-V2-7B,FATE-M,Type mismatch,invalid projection: Cannot project a value of non-propositional type,2,8971,0.022294
DeepSeek-Prover-V2-7B,FATE-M,Type mismatch,"numerals are data in Lean, but the expected type is universe polymorphic and may be a proposition",2,8971,0.022294
DeepSeek-Prover-V2-7B,FATE-M,Type mismatch,stuck at solving universe constraint,2,8971,0.022294
DeepSeek-Prover-V2-7B,FATE-M,Unresolved name,ambiguous term,2,8971,0.022294
DeepSeek-Prover-V2-7B,FATE-M,Missing instance,aesop: error in norm simp: failed to synthesize,1,8971,0.011147
DeepSeek-Prover-V2-7B,FATE-M,Syntax error,unexpected identifier; expected 'TOKEN',1,8971,0.011147
DeepSeek-Prover-V2-7B,FATE-M,Syntax error,unexpected token 'TOKEN'; expected 'TOKEN' or identifier,1,8971,0.011147
DeepSeek-Prover-V2-7B,FATE-M,Syntax error,unexpected token 'TOKEN'; expected 'TOKEN' or tactic,1,8971,0.011147
DeepSeek-Prover-V2-7B,FATE-M,Syntax error,"unexpected token 'TOKEN'; expected 'TOKEN', 'TOKEN'",1,8971,0.011147
DeepSeek-Prover-V2-7B,FATE-M,Syntax error,unexpected token 'TOKEN'; expected rcasesPat,1,8971,0.011147
DeepSeek-Prover-V2-7B,FATE-M,Tactic failure,aesop: internal error: introducing rapps not found for these mvars: [_uniq.NUM],1,8971,0.011147
DeepSeek-Prover-V2-7B,FATE-M,Tactic failure,"failed to prove nonzeroness, but it would be possible to prove nonnegativity if desired",1,8971,0.011147
DeepSeek-Prover-V2-7B,FATE-M,Tactic failure,invalid 'ID' modifier: Cannot be applied to a rule that rewrites to 'ID',1,8971,0.011147
DeepSeek-Prover-V2-7B,FATE-M,Tactic failure,"invalid 'ID' tactic, expected type has not been provided",1,8971,0.011147
DeepSeek-Prover-V2-7B,FATE-M,Type mismatch,don't know how to synthesize placeholder for argument 'ID',1,8971,0.011147
DeepSeek-Prover-V2-7B,FATE-M,Type mismatch,"failed to prove index is valid, possible solutions:",1,8971,0.011147
DeepSeek-Prover-V2-7B,FATE-M,Type mismatch,"invalid 'ID' notation, argument",1,8971,0.011147
DeepSeek-Prover-V2-7B,FATE-M,Type mismatch,"invalid 'ID' notation, expected result type of cast is",1,8971,0.011147
DeepSeek-Prover-V2-7B,FATE-M,Type mismatch,"invalid projection: Projections cannot be used on functions, and",1,8971,0.011147
DeepSeek-Prover-V2-7B,ProofNet,Unsolved goals,unsolved goals,2450,11300,21.681416
DeepSeek-Prover-V2-7B,ProofNet,Missing instance,failed to synthesize,1289,11300,11.407080
DeepSeek-Prover-V2-7B,ProofNet,Unresolved name,unknown identifier 'ID',873,11300,7.725664
DeepSeek-Prover-V2-7B,ProofNet,Type mismatch,type mismatch,868,11300,7.681416
DeepSeek-Prover-V2-7B,ProofNet,Type mismatch,application type mismatch,846,11300,7.486726
DeepSeek-Prover-V2-7B,ProofNet,Tactic failure,tactic 'ID' made no progress,835,11300,7.389381
DeepSeek-Prover-V2-7B,ProofNet,Unresolved name,"invalid field 'ID', the environment does not contain 'ID'",613,11300,5.424779
DeepSeek-Prover-V2-7B,ProofNet,Resource exhaustion,"(deterministic) timeout at 'ID', maximum number of heartbeats (NUM) has been reached",556,11300,4.920354
DeepSeek-Prover-V2-7B,ProofNet,Unresolved name,unknown constant 'ID',416,11300,3.681416
DeepSeek-Prover-V2-7B,ProofNet,Tactic failure,linarith failed to find a contradiction,323,11300,2.858407
DeepSeek-Prover-V2-7B,ProofNet,Type mismatch,"invalid field notation, type is not of the form (C ...) where C is a constant",242,11300,2.141593
DeepSeek-Prover-V2-7B,ProofNet,Tactic failure,omega could not prove the goal:,237,11300,2.097345
DeepSeek-Prover-V2-7B,ProofNet,Tactic failure,"tactic 'ID' failed, nested error",178,11300,1.575221
DeepSeek-Prover-V2-7B,ProofNet,Tactic failure,"tactic 'ID' failed, did not find the pattern in the target expression",177,11300,1.566372
DeepSeek-Prover-V2-7B,ProofNet,Tactic failure,"tactic 'ID' failed, failed to unify",173,11300,1.530973
DeepSeek-Prover-V2-7B,ProofNet,Tactic failure,"tactic 'ID' failed, insufficient number of binders",144,11300,1.274336
DeepSeek-Prover-V2-7B,ProofNet,Tactic failure,"tactic 'ID' failed, equality or iff proof expected",116,11300,1.026549
DeepSeek-Prover-V2-7B,ProofNet,Tactic failure,no goals to be solved,110,11300,0.973451
DeepSeek-Prover-V2-7B,ProofNet,Type mismatch,function expected at 'ID',92,11300,0.814159
DeepSeek-Prover-V2-7B,ProofNet,Tactic failure,rcases tactic failed: 'ID' is not an inductive datatype,91,11300,0.805310
DeepSeek-Prover-V2-7B,ProofNet,Unresolved name,"ambiguous, possible interpretations",66,11300,0.584071
DeepSeek-Prover-V2-7B,ProofNet,Missing instance,"typeclass instance problem is stuck, it is often due to metavariables",42,11300,0.371681
DeepSeek-Prover-V2-7B,ProofNet,Tactic failure,"aesop: error in norm simp: tactic 'ID' failed, nested error",41,11300,0.362832
DeepSeek-Prover-V2-7B,ProofNet,Type mismatch,"invalid constructor ⟨...⟩, expected type must be an inductive type",36,11300,0.318584
DeepSeek-Prover-V2-7B,ProofNet,Tactic failure,tactic 'ID' failed,35,11300,0.309735
DeepSeek-Prover-V2-7B,ProofNet,Syntax error,unexpected token 'TOKEN'; expected 'TOKEN',29,11300,0.256637
DeepSeek-Prover-V2-7B,ProofNet,Unresolved name,"ambiguous term, use fully qualified name, possible interpretations ['ID']",27,11300,0.238938
DeepSeek-Prover-V2-7B,ProofNet,Tactic failure,rcases tactic failed: 'TERM',23,11300,0.203540
DeepSeek-Prover-V2-7B,ProofNet,Syntax error,expected token,22,11300,0.194690
DeepSeek-Prover-V2-7B,ProofNet,Type mismatch,stuck at solving universe constraint,17,11300,0.150442
DeepSeek-Prover-V2-7B,ProofNet,Missing instance,type class instance expected,14,11300,0.123894
DeepSeek-Prover-V2-7B,ProofNet,Tactic failure,"tactic 'ID' failed, motive is not type correct",14,11300,0.123894
DeepSeek-Prover-V2-7B,ProofNet,Type mismatch,"numerals are data in Lean, but the expected type is a proposition",14,11300,0.123894
DeepSeek-Prover-V2-7B,ProofNet,Tactic failure,"tactic 'ID' failed, possible reasons",13,11300,0.115044
DeepSeek-Prover-V2-7B,ProofNet,Type mismatch,mod_cast has type,13,11300,0.115044
DeepSeek-Prover-V2-7B,ProofNet,Syntax error,unexpected token 'TOKEN'; expected command,12,11300,0.106195
DeepSeek-Prover-V2-7B,ProofNet,Type mismatch,don't know how to synthesize implicit argument 'ID',12,11300,0.106195
DeepSeek-Prover-V2-7B,ProofNet,Unresolved name,"overloaded, errors",12,11300,0.106195
DeepSeek-Prover-V2-7B,ProofNet,Unresolved name,unknown tactic 'ID',11,11300,0.097345
DeepSeek-Prover-V2-7B,ProofNet,Tactic failure,tauto failed to solve some goals.,10,11300,0.088496
DeepSeek-Prover-V2-7B,ProofNet,Type mismatch,invalid argument name 'ID' for function 'ID',10,11300,0.088496
DeepSeek-Prover-V2-7B,ProofNet,Type mismatch,"invalid projection, structure expected",10,11300,0.088496
DeepSeek-Prover-V2-7B,ProofNet,Syntax error,unexpected identifier; expected 'TOKEN',9,11300,0.079646
DeepSeek-Prover-V2-7B,ProofNet,Type mismatch,"invalid constructor ⟨...⟩, insufficient number of arguments for 'ID'",9,11300,0.079646
DeepSeek-Prover-V2-7B,ProofNet,Type mismatch,failed to infer 'ID' declaration type,8,11300,0.070796
DeepSeek-Prover-V2-7B,ProofNet,Type mismatch,invalid argument: variable 'ID' is not a proposition or let-declaration,8,11300,0.070796
DeepSeek-Prover-V2-7B,ProofNet,Type mismatch,"invalid projection, structure has only NUM field(s)",8,11300,0.070796
DeepSeek-Prover-V2-7B,ProofNet,Tactic failure,"tactic 'ID' failed, invalid equality proof, it is not of the form (x = t) or (t = x)",7,11300,0.061947
DeepSeek-Prover-V2-7B,ProofNet,Tactic failure,"tactic 'ID' failed, 'ID' is not an inductive datatype",6,11300,0.053097
DeepSeek-Prover-V2-7B,ProofNet,Type mismatch,"invalid constructor ⟨...⟩, expected type must be an inductive type with only one constructor",6,11300,0.053097
DeepSeek-Prover-V2-7B,ProofNet,Tactic failure,aesop: exceeded maximum number of normalisation iterations (NUM). This means normalisation probably got stuck in an infinite loop.,5,11300,0.044248
DeepSeek-Prover-V2-7B,ProofNet,Tactic failure,failed to prove positivity/nonnegativity/nonzeroness,5,11300,0.044248
DeepSeek-Prover-V2-7B,ProofNet,Tactic failure,not a positivity goal,5,11300,0.044248
DeepSeek-Prover-V2-7B,ProofNet,Tactic failure,"tactic 'ID' failed, major premise type is not an inductive type",5,11300,0.044248
DeepSeek-Prover-V2-7B,ProofNet,Type mismatch,fields missing: 'ID',5,11300,0.044248
DeepSeek-Prover-V2-7B,ProofNet,Syntax error,unexpected token 'TOKEN'; expected numeral,4,11300,0.035398
DeepSeek-Prover-V2-7B,ProofNet,Tactic failure,tactic 'ID' proved that the proposition,4,11300,0.035398
DeepSeek-Prover-V2-7B,ProofNet,Tactic failure,"tactic failed, resulting expression contains metavariables",4,11300,0.035398
DeepSeek-Prover-V2-7B,ProofNet,Type mismatch,"invalid field notation, function 'ID' does not have an argument with the required receiver type",4,11300,0.035398
DeepSeek-Prover-V2-7B,ProofNet,Type mismatch,"invalid {...} notation, expected type is not known",4,11300,0.035398
DeepSeek-Prover-V2-7B,ProofNet,Unresolved name,'ID' is not a field of structure 'ID',4,11300,0.035398
DeepSeek-Prover-V2-7B,ProofNet,Syntax error,unexpected token 'TOKEN'; expected 'TOKEN' or 'TOKEN',3,11300,0.026549
DeepSeek-Prover-V2-7B,ProofNet,Syntax error,unexpected token 'TOKEN'; expected 'TOKEN' or identifier,3,11300,0.026549
DeepSeek-Prover-V2-7B,ProofNet,Syntax error,"unexpected token 'TOKEN'; expected 'TOKEN', 'TOKEN' or 'TOKEN'",3,11300,0.026549
DeepSeek-Prover-V2-7B,ProofNet,Tactic failure,aesop: internal error: extracted proof has metavariables.,3,11300,0.026549
DeepSeek-Prover-V2-7B,ProofNet,Tactic failure,"extensionality tactic only applies to equalities, not 'TYPE'",3,11300,0.026549
DeepSeek-Prover-V2-7B,ProofNet,Tactic failure,no applicable extensionality theorem found for 'TYPE',3,11300,0.026549
DeepSeek-Prover-V2-7B,ProofNet,Type mismatch,"failed to compile definition, consider marking it as 'noncomputable' because it depends on 'ID', and it does not have executable code",3,11300,0.026549
DeepSeek-Prover-V2-7B,ProofNet,Type mismatch,failed to solve universe constraint,3,11300,0.026549
DeepSeek-Prover-V2-7B,ProofNet,Type mismatch,"invalid 'ID' notation, expected result type of cast is",3,11300,0.026549
DeepSeek-Prover-V2-7B,ProofNet,Type mismatch,invalid use of field notation with 'ID' modifier,3,11300,0.026549
DeepSeek-Prover-V2-7B,ProofNet,Missing instance,choose!: failed to synthesize any nonempty instances 'TYPE',2,11300,0.017699
DeepSeek-Prover-V2-7B,ProofNet,Syntax error,unexpected token 'TOKEN'; expected 'TOKEN' or term,2,11300,0.017699
DeepSeek-Prover-V2-7B,ProofNet,Syntax error,"unexpected token 'TOKEN'; expected 'TOKEN', 'TOKEN'",2,11300,0.017699
DeepSeek-Prover-V2-7B,ProofNet,Tactic failure,'ID' requires a term of the form 'ID' where 'ID' appears in the local context,2,11300,0.017699
DeepSeek-Prover-V2-7B,ProofNet,Tactic failure,"'ID' tactic failed, has type",2,11300,0.017699
DeepSeek-Prover-V2-7B,ProofNet,Tactic failure,expected 'ID' or indented tactic sequence,2,11300,0.017699
DeepSeek-Prover-V2-7B,ProofNet,Tactic failure,interval_cases failed: could not find upper bound on 'TERM',2,11300,0.017699
DeepSeek-Prover-V2-7B,ProofNet,Tactic failure,"invalid 'ID' tactic, expected type has not been provided",2,11300,0.017699
DeepSeek-Prover-V2-7B,ProofNet,Tactic failure,"tactic 'ID' failed, failed to prove the goal",2,11300,0.017699
DeepSeek-Prover-V2-7B,ProofNet,Tactic failure,"tactic 'ID' failed, no applicable constructor found",2,11300,0.017699
DeepSeek-Prover-V2-7B,ProofNet,Tactic failure,"tactic 'ID' failed, no if-then-else conditions to split",2,11300,0.017699
DeepSeek-Prover-V2-7B,ProofNet,Type mismatch,expected type must not contain free or meta variables,2,11300,0.017699
DeepSeek-Prover-V2-7B,ProofNet,Type mismatch,type mismatch when assigning motive,2,11300,0.017699
DeepSeek-Prover-V2-7B,ProofNet,Missing instance,"synthesized type class instance is not definitionally equal to expression inferred by typing rules, synthesized",1,11300,0.008850
DeepSeek-Prover-V2-7B,ProofNet,Resource exhaustion,maximum recursion depth has been reached,1,11300,0.008850
DeepSeek-Prover-V2-7B,ProofNet,Syntax error,unexpected end of input; expected 'TOKEN',1,11300,0.008850
DeepSeek-Prover-V2-7B,ProofNet,Syntax error,"unexpected end of input; expected 'TOKEN', 'TOKEN' or 'TOKEN'",1,11300,0.008850
DeepSeek-Prover-V2-7B,ProofNet,Syntax error,unexpected identifier; expected command,1,11300,0.008850
DeepSeek-Prover-V2-7B,ProofNet,Syntax error,unexpected syntax,1,11300,0.008850
DeepSeek-Prover-V2-7B,ProofNet,Syntax error,unexpected token 'TOKEN'; expected 'TOKEN' or tactic,1,11300,0.008850
DeepSeek-Prover-V2-7B,ProofNet,Syntax error,"unexpected token 'TOKEN'; expected 'TOKEN', 'TOKEN', 'TOKEN' or 'TOKEN'",1,11300,0.008850
DeepSeek-Prover-V2-7B,ProofNet,Syntax error,"unexpected token 'TOKEN'; expected 'TOKEN', 'TOKEN', 'TOKEN', 'TOKEN' or term",1,11300,0.008850
DeepSeek-Prover-V2-7B,ProofNet,Syntax error,unexpected token 'TOKEN'; expected term,1,11300,0.008850
DeepSeek-Prover-V2-7B,ProofNet,Tactic failure,aesop: internal error during proof reconstruction: goal NUM was not normalised.,1,11300,0.008850
DeepSeek-Prover-V2-7B,ProofNet,Tactic failure,"failed to prove strict positivity, but it would be possible to prove nonnegativity if desired",1,11300,0.008850
DeepSeek-Prover-V2-7B,ProofNet,Tactic failure,failed to rewrite using equation theorems for 'ID',1,11300,0.008850
DeepSeek-Prover-V2-7B,ProofNet,Tactic failure,interval_cases failed: could not find bounds on 'TERM',1,11300,0.008850
DeepSeek-Prover-V2-7B,ProofNet,Tactic failure,missing cases:,1,11300,0.008850
DeepSeek-Prover-V2-7B,ProofNet,Tactic failure,"tactic 'ID' failed, equality of constructor applications expected",1,11300,0.008850
DeepSeek-Prover-V2-7B,ProofNet,Tactic failure,tactic 'ID' has not been implemented,1,11300,0.008850
DeepSeek-Prover-V2-7B,ProofNet,Type mismatch,'ID' is not a structure,1,11300,0.008850
DeepSeek-Prover-V2-7B,ProofNet,Type mismatch,expected structure,1,11300,0.008850
DeepSeek-Prover-V2-7B,ProofNet,Type mismatch,"invalid 'ID' notation, the equality",1,11300,0.008850
DeepSeek-Prover-V2-7B,ProofNet,Type mismatch,"invalid field notation, identifier or numeral expected",1,11300,0.008850
DeepSeek-Prover-V2-7B,ProofNet,Type mismatch,"numerals are data in Lean, but the expected type is universe polymorphic and may be a proposition",1,11300,0.008850
DeepSeek-Prover-V2-7B,Putnam,Resource exhaustion,"(deterministic) timeout at 'ID', maximum number of heartbeats (NUM) has been reached",8878,37665,23.570954
DeepSeek-Prover-V2-7B,Putnam,Unsolved goals,unsolved goals,8849,37665,23.493960
DeepSeek-Prover-V2-7B,Putnam,Tactic failure,linarith failed to find a contradiction,2539,37665,6.741006
DeepSeek-Prover-V2-7B,Putnam,Missing instance,failed to synthesize,2113,37665,5.609983
DeepSeek-Prover-V2-7B,Putnam,Tactic failure,tactic 'ID' made no progress,1972,37665,5.235630
DeepSeek-Prover-V2-7B,Putnam,Type mismatch,type mismatch,1703,37665,4.521439
DeepSeek-Prover-V2-7B,Putnam,Unresolved name,unknown identifier 'ID',1626,37665,4.317005
DeepSeek-Prover-V2-7B,Putnam,Tactic failure,"tactic 'ID' failed, nested error",1407,37665,3.735564
DeepSeek-Prover-V2-7B,Putnam,Type mismatch,application type mismatch,1228,37665,3.260321
DeepSeek-Prover-V2-7B,Putnam,Tactic failure,omega could not prove the goal:,1054,37665,2.798354
DeepSeek-Prover-V2-7B,Putnam,Unresolved name,"invalid field 'ID', the environment does not contain 'ID'",1013,37665,2.689500
DeepSeek-Prover-V2-7B,Putnam,Unresolved name,unknown constant 'ID',678,37665,1.800080
DeepSeek-Prover-V2-7B,Putnam,Tactic failure,"tactic 'ID' failed, did not find the pattern in the target expression",522,37665,1.385902
DeepSeek-Prover-V2-7B,Putnam,Type mismatch,"invalid field notation, type is not of the form (C ...) where C is a constant",500,37665,1.327492
DeepSeek-Prover-V2-7B,Putnam,Tactic failure,"tactic 'ID' failed, possible reasons",409,37665,1.085889
DeepSeek-Prover-V2-7B,Putnam,Tactic failure,"tactic 'ID' failed, failed to unify",309,37665,0.820390
DeepSeek-Prover-V2-7B,Putnam,Type mismatch,"invalid constructor ⟨...⟩, expected type must be an inductive type",268,37665,0.711536
DeepSeek-Prover-V2-7B,Putnam,Type mismatch,function expected at 'ID',236,37665,0.626576
DeepSeek-Prover-V2-7B,Putnam,Tactic failure,"tactic 'ID' failed, equality or iff proof expected",208,37665,0.552237
DeepSeek-Prover-V2-7B,Putnam,Tactic failure,"tactic 'ID' failed, insufficient number of binders",205,37665,0.544272
DeepSeek-Prover-V2-7B,Putnam,Tactic failure,"aesop: error in norm simp: tactic 'ID' failed, nested error",158,37665,0.419488
DeepSeek-Prover-V2-7B,Putnam,Type mismatch,mod_cast has type,148,37665,0.392938
DeepSeek-Prover-V2-7B,Putnam,Type mismatch,"invalid projection, structure expected",118,37665,0.313288
DeepSeek-Prover-V2-7B,Putnam,Type mismatch,"numerals are data in Lean, but the expected type is a proposition",101,37665,0.268153
DeepSeek-Prover-V2-7B,Putnam,Tactic failure,no goals to be solved,97,37665,0.257534
DeepSeek-Prover-V2-7B,Putnam,Type mismatch,invalid argument: variable 'ID' is not a proposition or let-declaration,95,37665,0.252224
DeepSeek-Prover-V2-7B,Putnam,Syntax error,unexpected token 'TOKEN'; expected 'TOKEN',65,37665,0.172574
DeepSeek-Prover-V2-7B,Putnam,Tactic failure,rcases tactic failed: 'ID' is not an inductive datatype,62,37665,0.164609
DeepSeek-Prover-V2-7B,Putnam,Resource exhaustion,maximum recursion depth has been reached,59,37665,0.156644
DeepSeek-Prover-V2-7B,Putnam,Missing instance,"typeclass instance problem is stuck, it is often due to metavariables",51,37665,0.135404
DeepSeek-Prover-V2-7B,Putnam,Type mismatch,"invalid constructor ⟨...⟩, insufficient number of arguments for 'ID'",43,37665,0.114164
DeepSeek-Prover-V2-7B,Putnam,Tactic failure,"tactic 'ID' failed, invalid equality proof, it is not of the form (x = t) or (t = x)",42,37665,0.111509
DeepSeek-Prover-V2-7B,Putnam,Tactic failure,tactic 'ID' failed,41,37665,0.108854
DeepSeek-Prover-V2-7B,Putnam,Tactic failure,not a positivity goal,38,37665,0.100889
DeepSeek-Prover-V2-7B,Putnam,Tactic failure,tauto failed to solve some goals.,38,37665,0.100889
DeepSeek-Prover-V2-7B,Putnam,Type mismatch,"invalid field notation, function 'ID' does not have an argument with the required receiver type",38,37665,0.100889
DeepSeek-Prover-V2-7B,Putnam,Tactic failure,tactic 'ID' proved that the proposition,35,37665,0.092924
DeepSeek-Prover-V2-7B,Putnam,Syntax error,unexpected token 'TOKEN'; expected command,32,37665,0.084960
DeepSeek-Prover-V2-7B,Putnam,Type mismatch,unexpected bound variable #NUM,32,37665,0.084960
DeepSeek-Prover-V2-7B,Putnam,Unresolved name,"ambiguous, possible interpretations",30,37665,0.079650
DeepSeek-Prover-V2-7B,Putnam,Tactic failure,"failed to prove strict positivity, but it would be possible to prove nonnegativity if desired",29,37665,0.076995
DeepSeek-Prover-V2-7B,Putnam,Tactic failure,no applicable extensionality theorem found for 'TYPE',27,37665,0.071685
DeepSeek-Prover-V2-7B,Putnam,Tactic failure,"tactic 'ID' failed, major premise type is not an inductive type",27,37665,0.071685
DeepSeek-Prover-V2-7B,Putnam,Type mismatch,"invalid constructor ⟨...⟩, expected type must be an inductive type with only one constructor",27,37665,0.071685
DeepSeek-Prover-V2-7B,Putnam,Tactic failure,failed to prove positivity/nonnegativity/nonzeroness,26,37665,0.069030
DeepSeek-Prover-V2-7B,Putnam,Tactic failure,interval_cases failed: could not find upper bound on 'TERM',25,37665,0.066375
DeepSeek-Prover-V2-7B,Putnam,Syntax error,"unexpected token 'TOKEN'; expected 'TOKEN', 'TOKEN' or 'TOKEN'",24,37665,0.063720
DeepSeek-Prover-V2-7B,Putnam,Tactic failure,rcases tactic failed: 'TERM',20,37665,0.053100
DeepSeek-Prover-V2-7B,Putnam,Tactic failure,"tactic 'ID' failed, 'ID' is not an inductive datatype",20,37665,0.053100
DeepSeek-Prover-V2-7B,Putnam,Type mismatch,"type expected, got",18,37665,0.047790
DeepSeek-Prover-V2-7B,Putnam,Type mismatch,stuck at solving universe constraint,17,37665,0.045135
DeepSeek-Prover-V2-7B,Putnam,Tactic failure,"tactic 'ID' failed, motive is not type correct",16,37665,0.042480
DeepSeek-Prover-V2-7B,Putnam,Missing instance,type class instance expected,15,37665,0.039825
DeepSeek-Prover-V2-7B,Putnam,Syntax error,unexpected identifier; expected 'TOKEN',15,37665,0.039825
DeepSeek-Prover-V2-7B,Putnam,Tactic failure,invalid alternative name 'ID',15,37665,0.039825
DeepSeek-Prover-V2-7B,Putnam,Type mismatch,don't know how to synthesize implicit argument 'ID',15,37665,0.039825
DeepSeek-Prover-V2-7B,Putnam,Unresolved name,"overloaded, errors",14,37665,0.037170
DeepSeek-Prover-V2-7B,Putnam,Syntax error,expected token,13,37665,0.034515
DeepSeek-Prover-V2-7B,Putnam,Syntax error,unexpected end of input; expected 'TOKEN',13,37665,0.034515
DeepSeek-Prover-V2-7B,Putnam,Tactic failure,"extensionality tactic only applies to equalities, not 'TYPE'",13,37665,0.034515
DeepSeek-Prover-V2-7B,Putnam,Type mismatch,expected type must not contain free or meta variables,13,37665,0.034515
DeepSeek-Prover-V2-7B,Putnam,Syntax error,unexpected token 'TOKEN'; expected 'TOKEN' or tactic,12,37665,0.031860
DeepSeek-Prover-V2-7B,Putnam,Tactic failure,"tactic 'ID' failed, failed to prove the goal",11,37665,0.029205
DeepSeek-Prover-V2-7B,Putnam,Tactic failure,"tactic 'ID' failed, no applicable constructor found",11,37665,0.029205
DeepSeek-Prover-V2-7B,Putnam,Tactic failure,interval_cases failed: unsupported type 'TYPE',10,37665,0.026550
DeepSeek-Prover-V2-7B,Putnam,Type mismatch,"invalid projection, structure has only NUM field(s)",10,37665,0.026550
DeepSeek-Prover-V2-7B,Putnam,Tactic failure,"ring failed, ring expressions not equal",9,37665,0.023895
DeepSeek-Prover-V2-7B,Putnam,Tactic failure,couldn't rearrange comparison 'TERM',8,37665,0.021240
DeepSeek-Prover-V2-7B,Putnam,Type mismatch,invalid pattern: constructor or constant marked with 'ID' expected,8,37665,0.021240
DeepSeek-Prover-V2-7B,Putnam,Tactic failure,tactic 'ID' failed for proposition,7,37665,0.018585
DeepSeek-Prover-V2-7B,Putnam,Tactic failure,"tactic 'ID' failed, no if-then-else conditions to split",7,37665,0.018585
DeepSeek-Prover-V2-7B,Putnam,Syntax error,unexpected 'TOKEN',6,37665,0.015930
DeepSeek-Prover-V2-7B,Putnam,Tactic failure,alternative 'ID' has not been provided,6,37665,0.015930
DeepSeek-Prover-V2-7B,Putnam,Type mismatch,failed to infer 'ID' declaration type,6,37665,0.015930
DeepSeek-Prover-V2-7B,Putnam,Missing instance,"invalid 'TYPE' step, failed to synthesize 'TYPE' instance",5,37665,0.013275
DeepSeek-Prover-V2-7B,Putnam,Resource exhaustion,(kernel) deterministic timeout,5,37665,0.013275
DeepSeek-Prover-V2-7B,Putnam,Syntax error,unexpected token 'TOKEN'; expected 'TOKEN' or 'TOKEN',5,37665,0.013275
DeepSeek-Prover-V2-7B,Putnam,Type mismatch,target,5,37665,0.013275
DeepSeek-Prover-V2-7B,Putnam,Unresolved name,'ID' is not a field of structure 'ID',5,37665,0.013275
DeepSeek-Prover-V2-7B,Putnam,Syntax error,expected interpolated string,4,37665,0.010620
DeepSeek-Prover-V2-7B,Putnam,Syntax error,unexpected identifier; expected command,4,37665,0.010620
DeepSeek-Prover-V2-7B,Putnam,Tactic failure,aesop: internal error during proof reconstruction: goal NUM was not normalised.,4,37665,0.010620
DeepSeek-Prover-V2-7B,Putnam,Tactic failure,aesop: internal error: extracted proof has metavariables.,4,37665,0.010620
DeepSeek-Prover-V2-7B,Putnam,Tactic failure,"tactic 'ID' failed, pattern is a metavariable",4,37665,0.010620
DeepSeek-Prover-V2-7B,Putnam,Type mismatch,unexpected relation type,4,37665,0.010620
DeepSeek-Prover-V2-7B,Putnam,Syntax error,expected no space before,3,37665,0.007965
DeepSeek-Prover-V2-7B,Putnam,Syntax error,"unexpected identifier; expected 'TOKEN', 'TOKEN' or 'TOKEN'",3,37665,0.007965
DeepSeek-Prover-V2-7B,Putnam,Syntax error,unexpected syntax,3,37665,0.007965
DeepSeek-Prover-V2-7B,Putnam,Tactic failure,"'ID' tactic failed, has type",3,37665,0.007965
DeepSeek-Prover-V2-7B,Putnam,Tactic failure,"failed to prove nonnegativity, but it would be possible to prove nonzeroness if desired",3,37665,0.007965
DeepSeek-Prover-V2-7B,Putnam,Tactic failure,too many arguments supplied to 'ID',3,37665,0.007965
DeepSeek-Prover-V2-7B,Putnam,Type mismatch,invalid argument name 'ID' for function 'ID',3,37665,0.007965
DeepSeek-Prover-V2-7B,Putnam,Unresolved name,"ambiguous term, use fully qualified name, possible interpretations ['ID']",3,37665,0.007965
DeepSeek-Prover-V2-7B,Putnam,Missing instance,aesop: error in norm simp: failed to synthesize,2,37665,0.005310
DeepSeek-Prover-V2-7B,Putnam,Syntax error,unexpected token 'TOKEN'; expected term,2,37665,0.005310
DeepSeek-Prover-V2-7B,Putnam,Tactic failure,argument passed to nlinarith has metavariables:,2,37665,0.005310
DeepSeek-Prover-V2-7B,Putnam,Tactic failure,"dependent elimination failed, failed to solve equation",2,37665,0.005310
DeepSeek-Prover-V2-7B,Putnam,Tactic failure,expected 'ID' or indented tactic sequence,2,37665,0.005310
DeepSeek-Prover-V2-7B,Putnam,Tactic failure,"invalid 'ID', proposition expected",2,37665,0.005310
DeepSeek-Prover-V2-7B,Putnam,Tactic failure,"too many variable names provided at alternative 'ID', #NUM provided, but #NUM expected",2,37665,0.005310
DeepSeek-Prover-V2-7B,Putnam,Type mismatch,"invalid 'ID' notation, argument",2,37665,0.005310
DeepSeek-Prover-V2-7B,Putnam,Unresolved name,unknown tactic 'ID',2,37665,0.005310
DeepSeek-Prover-V2-7B,Putnam,Syntax error,unexpected token 'TOKEN'; expected 'TOKEN' or identifier,1,37665,0.002655
DeepSeek-Prover-V2-7B,Putnam,Syntax error,unexpected token 'TOKEN'; expected 'TOKEN' or term,1,37665,0.002655
DeepSeek-Prover-V2-7B,Putnam,Syntax error,"unexpected token 'TOKEN'; expected Aesop.builder_name, Aesop.builder_option, Aesop.phase or Aesop.priority",1,37665,0.002655
DeepSeek-Prover-V2-7B,Putnam,Tactic failure,"aesop: error in norm simp: simp failed, maximum number of steps exceeded",1,37665,0.002655
DeepSeek-Prover-V2-7B,Putnam,Tactic failure,aesop: error while running norm rule norm|constructors|global|ULift: rule produced more than one subgoal.,1,37665,0.002655
DeepSeek-Prover-V2-7B,Putnam,Tactic failure,aesop: exceeded maximum number of normalisation iterations (NUM). This means normalisation probably got stuck in an infinite loop.,1,37665,0.002655
DeepSeek-Prover-V2-7B,Putnam,Tactic failure,"failed to prove strict positivity, but it would be possible to prove nonzeroness if desired",1,37665,0.002655
DeepSeek-Prover-V2-7B,Putnam,Tactic failure,failed to rewrite using equation theorems for 'ID',1,37665,0.002655
DeepSeek-Prover-V2-7B,Putnam,Tactic failure,gcongr did not make progress,1,37665,0.002655
DeepSeek-Prover-V2-7B,Putnam,Tactic failure,index in target's type is not a variable (consider using the 'ID' tactic instead),1,37665,0.002655
DeepSeek-Prover-V2-7B,Putnam,Tactic failure,missing cases:,1,37665,0.002655
DeepSeek-Prover-V2-7B,Putnam,Tactic failure,"tactic failed, resulting expression contains metavariables",1,37665,0.002655
DeepSeek-Prover-V2-7B,Putnam,Type mismatch,don't know how to synthesize placeholder for argument 'ID',1,37665,0.002655
DeepSeek-Prover-V2-7B,Putnam,Type mismatch,"failed to elaborate eliminator, expected type is not available",1,37665,0.002655
DeepSeek-Prover-V2-7B,Putnam,Type mismatch,failed to infer binder type,1,37665,0.002655
DeepSeek-Prover-V2-7B,Putnam,Type mismatch,"invalid 'ID' notation, expected result type of cast is",1,37665,0.002655
DeepSeek-Prover-V2-7B,Putnam,Type mismatch,"invalid coercion notation, expected type is not known",1,37665,0.002655
DeepSeek-Prover-V2-7B,Putnam,Type mismatch,"invalid constructor ⟨...⟩, expected type must be known",1,37665,0.002655
DeepSeek-Prover-V2-7B,Putnam,Type mismatch,"invalid projection, the expression",1,37665,0.002655
DeepSeek-Prover-V2-7B,Putnam,Type mismatch,invalid use of field notation with 'ID' modifier,1,37665,0.002655
DeepSeek-Prover-V2-7B,Putnam,Unresolved name,unknown universe level 'ID',1,37665,0.002655
DeepSeek-Prover-V2-7B,miniF2F,Unsolved goals,unsolved goals,1427,4073,35.035600
DeepSeek-Prover-V2-7B,miniF2F,Tactic failure,linarith failed to find a contradiction,989,4073,24.281856
DeepSeek-Prover-V2-7B,miniF2F,Tactic failure,omega could not prove the goal:,434,4073,10.655536
DeepSeek-Prover-V2-7B,miniF2F,Missing instance,failed to synthesize,171,4073,4.198380
DeepSeek-Prover-V2-7B,miniF2F,Tactic failure,tactic 'ID' made no progress,132,4073,3.240854
DeepSeek-Prover-V2-7B,miniF2F,Unresolved name,unknown identifier 'ID',132,4073,3.240854
DeepSeek-Prover-V2-7B,miniF2F,Type mismatch,type mismatch,116,4073,2.848024
DeepSeek-Prover-V2-7B,miniF2F,Tactic failure,"tactic 'ID' failed, nested error",90,4073,2.209673
DeepSeek-Prover-V2-7B,miniF2F,Tactic failure,"tactic 'ID' failed, possible reasons",90,4073,2.209673
DeepSeek-Prover-V2-7B,miniF2F,Type mismatch,application type mismatch,65,4073,1.595875
DeepSeek-Prover-V2-7B,miniF2F,Unresolved name,unknown constant 'ID',61,4073,1.497668
DeepSeek-Prover-V2-7B,miniF2F,Tactic failure,"tactic 'ID' failed, failed to unify",58,4073,1.424012
DeepSeek-Prover-V2-7B,miniF2F,Tactic failure,"tactic 'ID' failed, did not find the pattern in the target expression",51,4073,1.252148
DeepSeek-Prover-V2-7B,miniF2F,Type mismatch,mod_cast has type,44,4073,1.080285
DeepSeek-Prover-V2-7B,miniF2F,Tactic failure,"tactic 'ID' failed, equality or iff proof expected",37,4073,0.908421
DeepSeek-Prover-V2-7B,miniF2F,Unresolved name,"invalid field 'ID', the environment does not contain 'ID'",18,4073,0.441935
DeepSeek-Prover-V2-7B,miniF2F,Type mismatch,function expected at 'ID',16,4073,0.392831
DeepSeek-Prover-V2-7B,miniF2F,Tactic failure,"aesop: error in norm simp: tactic 'ID' failed, nested error",14,4073,0.343727
DeepSeek-Prover-V2-7B,miniF2F,Tactic failure,"tactic 'ID' failed, motive is not type correct",14,4073,0.343727
DeepSeek-Prover-V2-7B,miniF2F,Tactic failure,no goals to be solved,11,4073,0.270071
DeepSeek-Prover-V2-7B,miniF2F,Tactic failure,failed to prove positivity/nonnegativity/nonzeroness,9,4073,0.220967
DeepSeek-Prover-V2-7B,miniF2F,Syntax error,unexpected token 'TOKEN'; expected 'TOKEN',8,4073,0.196415
DeepSeek-Prover-V2-7B,miniF2F,Type mismatch,"invalid constructor ⟨...⟩, expected type must be an inductive type",7,4073,0.171863
DeepSeek-Prover-V2-7B,miniF2F,Type mismatch,"invalid field notation, type is not of the form (C ...) where C is a constant",7,4073,0.171863
DeepSeek-Prover-V2-7B,miniF2F,Resource exhaustion,maximum recursion depth has been reached,6,4073,0.147312
DeepSeek-Prover-V2-7B,miniF2F,Tactic failure,interval_cases failed: could not find upper bound on 'TERM',6,4073,0.147312
DeepSeek-Prover-V2-7B,miniF2F,Tactic failure,tactic 'ID' failed,6,4073,0.147312
DeepSeek-Prover-V2-7B,miniF2F,Tactic failure,alternative 'ID' has not been provided,4,4073,0.098208
DeepSeek-Prover-V2-7B,miniF2F,Tactic failure,tactic 'ID' proved that the proposition,4,4073,0.098208
DeepSeek-Prover-V2-7B,miniF2F,Syntax error,unexpected token 'TOKEN'; expected command,3,4073,0.073656
DeepSeek-Prover-V2-7B,miniF2F,Tactic failure,interval_cases failed: unsupported type 'TYPE',3,4073,0.073656
DeepSeek-Prover-V2-7B,miniF2F,Tactic failure,no applicable extensionality theorem found for 'TYPE',3,4073,0.073656
DeepSeek-Prover-V2-7B,miniF2F,Tactic failure,"ring failed, ring expressions not equal",3,4073,0.073656
DeepSeek-Prover-V2-7B,miniF2F,Tactic failure,"tactic 'ID' failed, major premise type is not an inductive type",3,4073,0.073656
DeepSeek-Prover-V2-7B,miniF2F,Type mismatch,"invalid field notation, identifier or numeral expected",3,4073,0.073656
DeepSeek-Prover-V2-7B,miniF2F,Syntax error,unexpected identifier; expected 'TOKEN',2,4073,0.049104
DeepSeek-Prover-V2-7B,miniF2F,Tactic failure,"failed to prove nonzeroness, but it would be possible to prove nonnegativity if desired",2,4073,0.049104
DeepSeek-Prover-V2-7B,miniF2F,Tactic failure,gcongr did not make progress,2,4073,0.049104
DeepSeek-Prover-V2-7B,miniF2F,Tactic failure,invalid alternative name 'ID',2,4073,0.049104
DeepSeek-Prover-V2-7B,miniF2F,Tactic failure,rcases tactic failed: 'ID' is not an inductive datatype,2,4073,0.049104
DeepSeek-Prover-V2-7B,miniF2F,Type mismatch,"invalid 'ID' notation, argument",2,4073,0.049104
DeepSeek-Prover-V2-7B,miniF2F,Missing instance,aesop: error in norm simp: failed to synthesize,1,4073,0.024552
DeepSeek-Prover-V2-7B,miniF2F,Syntax error,expected token,1,4073,0.024552
DeepSeek-Prover-V2-7B,miniF2F,Syntax error,unexpected end of input; expected 'TOKEN',1,4073,0.024552
DeepSeek-Prover-V2-7B,miniF2F,Syntax error,"unexpected identifier; expected 'TOKEN', 'TOKEN' or 'TOKEN'",1,4073,0.024552
DeepSeek-Prover-V2-7B,miniF2F,Syntax error,"unexpected token 'TOKEN'; expected 'TOKEN', 'TOKEN' or 'TOKEN'",1,4073,0.024552
DeepSeek-Prover-V2-7B,miniF2F,Tactic failure,'ID' requires a term of the form 'ID' where 'ID' appears in the local context,1,4073,0.024552
DeepSeek-Prover-V2-7B,miniF2F,Tactic failure,"failed to prove strict positivity, but it would be possible to prove nonnegativity if desired",1,4073,0.024552
DeepSeek-Prover-V2-7B,miniF2F,Tactic failure,not a positivity goal,1,4073,0.024552
DeepSeek-Prover-V2-7B,miniF2F,Tactic failure,"tactic 'ID' failed, insufficient number of binders",1,4073,0.024552
DeepSeek-Prover-V2-7B,miniF2F,Tactic failure,"tactic 'ID' failed, pattern is a metavariable",1,4073,0.024552
DeepSeek-Prover-V2-7B,miniF2F,Tactic failure,"tactic failed, resulting expression contains metavariables",1,4073,0.024552
DeepSeek-Prover-V2-7B,miniF2F,Type mismatch,don't know how to synthesize implicit argument 'ID',1,4073,0.024552
DeepSeek-Prover-V2-7B,miniF2F,Type mismatch,don't know how to synthesize placeholder for argument 'ID',1,4073,0.024552
DeepSeek-Prover-V2-7B,miniF2F,Type mismatch,expected type must not contain free or meta variables,1,4073,0.024552
DeepSeek-Prover-V2-7B,miniF2F,Type mismatch,"invalid constructor ⟨...⟩, insufficient number of arguments for 'ID'",1,4073,0.024552
DeepSeek-Prover-V2-7B,miniF2F,Type mismatch,"invalid projection, structure expected",1,4073,0.024552
Goedel-32B,FATE-H,Unresolved name,unknown constant 'ID',7237,41748,17.334962
Goedel-32B,FATE-H,Missing instance,failed to synthesize instance of type class,6838,41748,16.379228
Goedel-32B,FATE-H,Unresolved name,unknown identifier 'ID',4966,41748,11.895181
Goedel-32B,FATE-H,Unresolved name,"invalid field 'ID', the environment does not contain 'ID'",4408,41748,10.558590
Goedel-32B,FATE-H,Unsolved goals,unsolved goals,4367,41748,10.460381
Goedel-32B,FATE-H,Type mismatch,type mismatch,3174,41748,7.602759
Goedel-32B,FATE-H,Type mismatch,application type mismatch: The argument,1663,41748,3.983424
Goedel-32B,FATE-H,Tactic failure,no goals to be solved,1271,41748,3.044457
Goedel-32B,FATE-H,Tactic failure,tactic 'ID' made no progress,1045,41748,2.503114
Goedel-32B,FATE-H,Type mismatch,invalid field notation: Field projection operates on types of the form 'ID' where C is a constant. The expression,943,41748,2.258791
Goedel-32B,FATE-H,Tactic failure,"tactic 'ID' failed, nested error",645,41748,1.544984
Goedel-32B,FATE-H,Type mismatch,function expected at 'ID',577,41748,1.382102
Goedel-32B,FATE-H,Type mismatch,"type mismatch: After simplification, term",331,41748,0.792852
Goedel-32B,FATE-H,Type mismatch,"invalid field notation, function 'ID' does not have an argument with the required receiver type",315,41748,0.754527
Goedel-32B,FATE-H,Missing instance,failed to synthesize,264,41748,0.632366
Goedel-32B,FATE-H,Type mismatch,"type expected, got",263,41748,0.629970
Goedel-32B,FATE-H,Tactic failure,linarith failed to find a contradiction,250,41748,0.598831
Goedel-32B,FATE-H,Tactic failure,tactic 'ID' failed,206,41748,0.493437
Goedel-32B,FATE-H,Tactic failure,"tactic 'ID' failed, could not unify the conclusion of 'ID'",181,41748,0.433554
Goedel-32B,FATE-H,Tactic failure,"tactic 'ID' failed, did not find the pattern in the target expression",174,41748,0.416786
Goedel-32B,FATE-H,Tactic failure,omega could not prove the goal:,158,41748,0.378461
Goedel-32B,FATE-H,Type mismatch,"invalid 'ID' step, left-hand side is",144,41748,0.344927
Goedel-32B,FATE-H,Tactic failure,elaboration function for 'ID' has not been implemented,129,41748,0.308997
Goedel-32B,FATE-H,Syntax error,unexpected token 'TOKEN'; expected 'TOKEN',128,41748,0.306602
Goedel-32B,FATE-H,Tactic failure,"tactic 'ID' failed, insufficient number of binders",120,41748,0.287439
Goedel-32B,FATE-H,Tactic failure,"tactic 'ID' failed, 'ID' is not an inductive datatype",96,41748,0.229951
Goedel-32B,FATE-H,Unresolved name,"overloaded, errors",89,41748,0.213184
Goedel-32B,FATE-H,Missing instance,"synthesized type class instance is not definitionally equal to expression inferred by typing rules, synthesized",88,41748,0.210789
Goedel-32B,FATE-H,Missing instance,type class instance expected,88,41748,0.210789
Goedel-32B,FATE-H,Unresolved name,'ID' is not a field of structure 'ID',88,41748,0.210789
Goedel-32B,FATE-H,Tactic failure,"tactic 'ID' failed, 'TERM'",82,41748,0.196417
Goedel-32B,FATE-H,Tactic failure,"tactic 'ID' failed, motive is not type correct",76,41748,0.182045
Goedel-32B,FATE-H,Tactic failure,"tactic 'ID' failed, the left-hand side does not match the right-hand side",74,41748,0.177254
Goedel-32B,FATE-H,Unresolved name,ambiguous term,68,41748,0.162882
Goedel-32B,FATE-H,Syntax error,expected token,63,41748,0.150905
Goedel-32B,FATE-H,Type mismatch,insufficient number of fields for 'ID' constructor,61,41748,0.146115
Goedel-32B,FATE-H,Syntax error,"unexpected token 'TOKEN'; expected 'TOKEN', 'TOKEN' or 'TOKEN'",58,41748,0.138929
Goedel-32B,FATE-H,Syntax error,unexpected token 'TOKEN'; expected command,58,41748,0.138929
Goedel-32B,FATE-H,Tactic failure,case tag 'ID' not found,52,41748,0.124557
Goedel-32B,FATE-H,Type mismatch,fields missing: 'ID',52,41748,0.124557
Goedel-32B,FATE-H,Syntax error,unexpected token 'TOKEN'; expected 'TOKEN' or identifier,50,41748,0.119766
Goedel-32B,FATE-H,Tactic failure,invalid rewrite argument: expected an equality or iff proof or definition name,48,41748,0.114976
Goedel-32B,FATE-H,Type mismatch,don't know how to synthesize implicit argument 'ID',41,41748,0.098208
Goedel-32B,FATE-H,Missing instance,typeclass instance problem is stuck,38,41748,0.091022
Goedel-32B,FATE-H,Resource exhaustion,maximum recursion depth has been reached,35,41748,0.083836
Goedel-32B,FATE-H,Syntax error,"unexpected token 'TOKEN'; expected 'TOKEN', 'TOKEN' or identifier",32,41748,0.076650
Goedel-32B,FATE-H,Type mismatch,invalid projection: Projection operates on structure-like types with fields. The expression,32,41748,0.076650
Goedel-32B,FATE-H,Type mismatch,"numerals are data in Lean, but the expected type is a proposition",31,41748,0.074255
Goedel-32B,FATE-H,Type mismatch,invalid field notation: Type of,30,41748,0.071860
Goedel-32B,FATE-H,Type mismatch,invalid argument name 'ID' for function 'ID',28,41748,0.067069
Goedel-32B,FATE-H,Type mismatch,invalid argument: variable 'ID' is not a proposition or let-declaration,26,41748,0.062278
Goedel-32B,FATE-H,Type mismatch,"invalid pattern variable 'ID', must be atomic",25,41748,0.059883
Goedel-32B,FATE-H,Tactic failure,could not synthesize default value for field 'ID' of 'ID' using tactics,22,41748,0.052697
Goedel-32B,FATE-H,Type mismatch,invalid 'ID' notation: The expected type,21,41748,0.050302
Goedel-32B,FATE-H,Type mismatch,stuck at solving universe constraint,21,41748,0.050302
Goedel-32B,FATE-H,Type mismatch,"failed to prove index is valid, possible solutions:",20,41748,0.047906
Goedel-32B,FATE-H,Tactic failure,"tactic 'ID' failed, no applicable constructor found",19,41748,0.045511
Goedel-32B,FATE-H,Tactic failure,"tactic 'ID' failed, could not unify the type of 'ID'",17,41748,0.040721
Goedel-32B,FATE-H,Unresolved name,unknown tactic 'ID',17,41748,0.040721
Goedel-32B,FATE-H,Tactic failure,interval_cases failed: unsupported type 'TYPE',15,41748,0.035930
Goedel-32B,FATE-H,Type mismatch,invalid projection: Projection operates on types of the form 'ID' where C is a constant. The expression,15,41748,0.035930
Goedel-32B,FATE-H,Syntax error,unexpected identifier; expected command,14,41748,0.033535
Goedel-32B,FATE-H,Type mismatch,invalid projection: index 'ID' is invalid for this structure,13,41748,0.031139
Goedel-32B,FATE-H,Type mismatch,invalid 'ID' notation: The expected type 'ID' is not an inductive type,12,41748,0.028744
Goedel-32B,FATE-H,Syntax error,unexpected syntax,11,41748,0.026349
Goedel-32B,FATE-H,Tactic failure,interval_cases failed: could not find upper bound on 'TERM',11,41748,0.026349
Goedel-32B,FATE-H,Tactic failure,tactic 'ID' proved that the proposition,11,41748,0.026349
Goedel-32B,FATE-H,Type mismatch,'ID' expression has type,11,41748,0.026349
Goedel-32B,FATE-H,Type mismatch,"invalid 'ID' step, right-hand side is",11,41748,0.026349
Goedel-32B,FATE-H,Type mismatch,mod_cast has type,11,41748,0.026349
Goedel-32B,FATE-H,Tactic failure,no applicable extensionality theorem found for 'TYPE',10,41748,0.023953
Goedel-32B,FATE-H,Tactic failure,"tactic 'ID' failed, invalid equality proof, it is not of the form (x = t) or (t = x)",9,41748,0.021558
Goedel-32B,FATE-H,Type mismatch,expected type must not contain metavariables,9,41748,0.021558
Goedel-32B,FATE-H,Tactic failure,failed to rewrite using equation theorems for 'ID',8,41748,0.019163
Goedel-32B,FATE-H,Tactic failure,invalid alternative name 'ID',8,41748,0.019163
Goedel-32B,FATE-H,Tactic failure,"tactic 'ID' failed, major premise type is not an inductive type",8,41748,0.019163
Goedel-32B,FATE-H,Type mismatch,invalid 'ID' notation: The expected type of this term could not be determined,7,41748,0.016767
Goedel-32B,FATE-H,Syntax error,unexpected identifier,6,41748,0.014372
Goedel-32B,FATE-H,Tactic failure,alternative 'ID' has not been provided,6,41748,0.014372
Goedel-32B,FATE-H,Tactic failure,expected 'ID' or indented tactic sequence,6,41748,0.014372
Goedel-32B,FATE-H,Tactic failure,tactic 'ID' failed for proposition,6,41748,0.014372
Goedel-32B,FATE-H,Tactic failure,"tactic 'ID' failed, expected the goal to be a binary relation",5,41748,0.011977
Goedel-32B,FATE-H,Type mismatch,"(↥) must have a function type, not",5,41748,0.011977
Goedel-32B,FATE-H,Type mismatch,invalid 'ID' notation: The expected type 'ID' has more than one constructor,5,41748,0.011977
Goedel-32B,FATE-H,Syntax error,unexpected token 'TOKEN'; expected 'TOKEN' or tactic,4,41748,0.009581
Goedel-32B,FATE-H,Tactic failure,'ID' requires a term of the form 'ID' where 'ID' appears in the local context,4,41748,0.009581
Goedel-32B,FATE-H,Tactic failure,not a comparison: 'TERM',4,41748,0.009581
Goedel-32B,FATE-H,Missing instance,"invalid 'TYPE' step, failed to synthesize 'TYPE' instance",3,41748,0.007186
Goedel-32B,FATE-H,Syntax error,unexpected identifier; expected 'TOKEN',3,41748,0.007186
Goedel-32B,FATE-H,Syntax error,unexpected token 'TOKEN'; expected 'TOKEN' or 'TOKEN',3,41748,0.007186
Goedel-32B,FATE-H,Tactic failure,"invalid simp theorem: Expected a proposition, but found",3,41748,0.007186
Goedel-32B,FATE-H,Type mismatch,"failed to elaborate eliminator, expected type is not available",3,41748,0.007186
Goedel-32B,FATE-H,Type mismatch,"invalid 'ID' step, relation expected",3,41748,0.007186
Goedel-32B,FATE-H,Syntax error,unexpected token 'TOKEN'; expected term,2,41748,0.004791
Goedel-32B,FATE-H,Tactic failure,'ID' requires either an expected type or a value.,2,41748,0.004791
Goedel-32B,FATE-H,Tactic failure,aesop: internal error: extracted proof has metavariables.,2,41748,0.004791
Goedel-32B,FATE-H,Tactic failure,failed to prove positivity/nonnegativity/nonzeroness,2,41748,0.004791
Goedel-32B,FATE-H,Tactic failure,gcongr did not make progress,2,41748,0.004791
Goedel-32B,FATE-H,Tactic failure,"ring failed, ring expressions not equal",2,41748,0.004791
Goedel-32B,FATE-H,Tactic failure,"tactic 'ID' failed, no if-then-else conditions to split",2,41748,0.004791
Goedel-32B,FATE-H,Tactic failure,"unnecessary 'ID' argument, variable 'ID' is generalized automatically",2,41748,0.004791
Goedel-32B,FATE-H,Termination failure,fail to show termination for,2,41748,0.004791
Goedel-32B,FATE-H,Type mismatch,expected type must not contain free variables,2,41748,0.004791
Goedel-32B,FATE-H,Type mismatch,failed to solve universe constraint,2,41748,0.004791
Goedel-32B,FATE-H,Type mismatch,invalid field notation: Identifier or numeral expected,2,41748,0.004791
Goedel-32B,FATE-H,Type mismatch,invalid pattern: constructor or constant marked with 'ID' expected,2,41748,0.004791
Goedel-32B,FATE-H,Type mismatch,"invalid {...} notation, structure type expected",2,41748,0.004791
Goedel-32B,FATE-H,Type mismatch,type mismatch when assigning motive,2,41748,0.004791
Goedel-32B,FATE-H,Syntax error,expected checkColGt,1,41748,0.002395
Goedel-32B,FATE-H,Syntax error,missing end of character literal,1,41748,0.002395
Goedel-32B,FATE-H,Syntax error,"unexpected identifier; expected 'TOKEN', 'TOKEN' or 'TOKEN'",1,41748,0.002395
Goedel-32B,FATE-H,Syntax error,"unexpected token 'TOKEN'; expected 'TOKEN', 'TOKEN', 'TOKEN', 'TOKEN', 'TOKEN', identifier or term",1,41748,0.002395
Goedel-32B,FATE-H,Tactic failure,aesop: exceeded maximum number of normalisation iterations (NUM). This means normalisation probably got stuck in an infinite loop.,1,41748,0.002395
Goedel-32B,FATE-H,Tactic failure,aesop: internal error: introducing rapps not found for these mvars: [_uniq.NUM],1,41748,0.002395
Goedel-32B,FATE-H,Tactic failure,"failed to prove strict positivity, but it would be possible to prove nonnegativity if desired",1,41748,0.002395
Goedel-32B,FATE-H,Tactic failure,invalid 'ID' modifier: Cannot be applied to a rule that rewrites to 'ID',1,41748,0.002395
Goedel-32B,FATE-H,Tactic failure,"invalid 'ID' tactic, expected type has not been provided",1,41748,0.002395
Goedel-32B,FATE-H,Type mismatch,expected a term of the shape 'ID' or 'ID',1,41748,0.002395
Goedel-32B,FATE-H,Type mismatch,"invalid 'ID' notation, argument",1,41748,0.002395
Goedel-32B,FATE-H,Unresolved name,'ID' has already been declared,1,41748,0.002395
Goedel-32B,FATE-M,Missing instance,failed to synthesize instance of type class,8730,31855,27.405431
Goedel-32B,FATE-M,Unresolved name,unknown constant 'ID',5995,31855,18.819652
Goedel-32B,FATE-M,Unsolved goals,unsolved goals,3468,31855,10.886831
Goedel-32B,FATE-M,Unresolved name,unknown identifier 'ID',2093,31855,6.570397
Goedel-32B,FATE-M,Type mismatch,type mismatch,1995,31855,6.262753
Goedel-32B,FATE-M,Unresolved name,"invalid field 'ID', the environment does not contain 'ID'",1280,31855,4.018208
Goedel-32B,FATE-M,Type mismatch,application type mismatch: The argument,1007,31855,3.161199
Goedel-32B,FATE-M,Tactic failure,tactic 'ID' made no progress,961,31855,3.016795
Goedel-32B,FATE-M,Tactic failure,no goals to be solved,912,31855,2.862973
Goedel-32B,FATE-M,Tactic failure,"tactic 'ID' failed, nested error",748,31855,2.348140
Goedel-32B,FATE-M,Type mismatch,"type mismatch: After simplification, term",539,31855,1.692042
Goedel-32B,FATE-M,Type mismatch,function expected at 'ID',514,31855,1.613561
Goedel-32B,FATE-M,Tactic failure,"tactic 'ID' failed, did not find the pattern in the target expression",371,31855,1.164652
Goedel-32B,FATE-M,Tactic failure,"tactic 'ID' failed, could not unify the conclusion of 'ID'",311,31855,0.976299
Goedel-32B,FATE-M,Tactic failure,linarith failed to find a contradiction,226,31855,0.709465
Goedel-32B,FATE-M,Type mismatch,"invalid 'ID' step, left-hand side is",175,31855,0.549364
Goedel-32B,FATE-M,Syntax error,unexpected token 'TOKEN'; expected 'TOKEN' or identifier,164,31855,0.514833
Goedel-32B,FATE-M,Tactic failure,omega could not prove the goal:,164,31855,0.514833
Goedel-32B,FATE-M,Syntax error,unexpected token 'TOKEN'; expected 'TOKEN',143,31855,0.448909
Goedel-32B,FATE-M,Unresolved name,"overloaded, errors",143,31855,0.448909
Goedel-32B,FATE-M,Type mismatch,insufficient number of fields for 'ID' constructor,140,31855,0.439491
Goedel-32B,FATE-M,Tactic failure,invalid rewrite argument: expected an equality or iff proof or definition name,132,31855,0.414378
Goedel-32B,FATE-M,Type mismatch,invalid field notation: Field projection operates on types of the form 'ID' where C is a constant. The expression,131,31855,0.411238
Goedel-32B,FATE-M,Tactic failure,"tactic 'ID' failed, insufficient number of binders",114,31855,0.357872
Goedel-32B,FATE-M,Unresolved name,ambiguous term,113,31855,0.354732
Goedel-32B,FATE-M,Missing instance,failed to synthesize,110,31855,0.345315
Goedel-32B,FATE-M,Tactic failure,"tactic 'ID' failed, 'ID' is not an inductive datatype",108,31855,0.339036
Goedel-32B,FATE-M,Missing instance,typeclass instance problem is stuck,67,31855,0.210328
Goedel-32B,FATE-M,Tactic failure,"tactic 'ID' failed, motive is not type correct",64,31855,0.200910
Goedel-32B,FATE-M,Tactic failure,"tactic 'ID' failed, invalid equality proof, it is not of the form (x = t) or (t = x)",44,31855,0.138126
Goedel-32B,FATE-M,Tactic failure,"tactic 'ID' failed, could not unify the type of 'ID'",40,31855,0.125569
Goedel-32B,FATE-M,Unresolved name,'ID' is not a field of structure 'ID',40,31855,0.125569
Goedel-32B,FATE-M,Tactic failure,tactic 'ID' failed for proposition,38,31855,0.119291
Goedel-32B,FATE-M,Type mismatch,fields missing: 'ID',36,31855,0.113012
Goedel-32B,FATE-M,Type mismatch,invalid projection: Projection operates on structure-like types with fields. The expression,36,31855,0.113012
Goedel-32B,FATE-M,Tactic failure,tactic 'ID' failed,35,31855,0.109873
Goedel-32B,FATE-M,Type mismatch,"invalid field notation, function 'ID' does not have an argument with the required receiver type",35,31855,0.109873
Goedel-32B,FATE-M,Type mismatch,invalid 'ID' notation: The expected type of this term could not be determined,29,31855,0.091038
Goedel-32B,FATE-M,Syntax error,expected token,27,31855,0.084759
Goedel-32B,FATE-M,Type mismatch,invalid argument: variable 'ID' is not a proposition or let-declaration,27,31855,0.084759
Goedel-32B,FATE-M,Missing instance,type class instance expected,24,31855,0.075341
Goedel-32B,FATE-M,Tactic failure,could not synthesize default value for field 'ID' of 'ID' using tactics,24,31855,0.075341
Goedel-32B,FATE-M,Syntax error,unexpected token 'TOKEN'; expected command,23,31855,0.072202
Goedel-32B,FATE-M,Tactic failure,"tactic 'ID' failed, 'TERM'",23,31855,0.072202
Goedel-32B,FATE-M,Type mismatch,'ID' expression has type,23,31855,0.072202
Goedel-32B,FATE-M,Type mismatch,"invalid 'ID' step, right-hand side is",23,31855,0.072202
Goedel-32B,FATE-M,Tactic failure,alternative 'ID' has not been provided,22,31855,0.069063
Goedel-32B,FATE-M,Tactic failure,"tactic 'ID' failed, major premise type is not an inductive type",22,31855,0.069063
Goedel-32B,FATE-M,Tactic failure,invalid alternative name 'ID',21,31855,0.065924
Goedel-32B,FATE-M,Tactic failure,"tactic 'ID' failed, the left-hand side does not match the right-hand side",21,31855,0.065924
Goedel-32B,FATE-M,Type mismatch,invalid 'ID' notation: The expected type 'ID' is not an inductive type,19,31855,0.059645
Goedel-32B,FATE-M,Type mismatch,"invalid coercion notation, expected type is not known",17,31855,0.053367
Goedel-32B,FATE-M,Tactic failure,"failed to prove strict positivity, but it would be possible to prove nonnegativity if desired",16,31855,0.050228
Goedel-32B,FATE-M,Type mismatch,stuck at solving universe constraint,16,31855,0.050228
Goedel-32B,FATE-M,Type mismatch,"invalid pattern variable 'ID', must be atomic",15,31855,0.047088
Goedel-32B,FATE-M,Type mismatch,"type expected, got",14,31855,0.043949
Goedel-32B,FATE-M,Tactic failure,no applicable extensionality theorem found for 'TYPE',13,31855,0.040810
Goedel-32B,FATE-M,Tactic failure,interval_cases failed: could not find upper bound on 'TERM',12,31855,0.037671
Goedel-32B,FATE-M,Type mismatch,"failed to elaborate eliminator, expected type is not available",12,31855,0.037671
Goedel-32B,FATE-M,Type mismatch,invalid 'ID' notation: The expected type,11,31855,0.034531
Goedel-32B,FATE-M,Type mismatch,invalid field notation: Type of,10,31855,0.031392
Goedel-32B,FATE-M,Tactic failure,"invalid simp theorem: Expected a proposition, but found",9,31855,0.028253
Goedel-32B,FATE-M,Type mismatch,invalid projection: index 'ID' is invalid for this structure,9,31855,0.028253
Goedel-32B,FATE-M,Syntax error,unexpected syntax,8,31855,0.025114
Goedel-32B,FATE-M,Tactic failure,"tactic 'ID' failed, no applicable constructor found",8,31855,0.025114
Goedel-32B,FATE-M,Syntax error,"unexpected token 'TOKEN'; expected 'TOKEN', 'TOKEN' or 'TOKEN'",7,31855,0.021975
Goedel-32B,FATE-M,Type mismatch,"invalid projection: Projections cannot be used on functions, and",7,31855,0.021975
Goedel-32B,FATE-M,Type mismatch,"numerals are data in Lean, but the expected type is a proposition",7,31855,0.021975
Goedel-32B,FATE-M,Syntax error,unexpected identifier; expected command,6,31855,0.018835
Goedel-32B,FATE-M,Tactic failure,not a comparison: 'TERM',6,31855,0.018835
Goedel-32B,FATE-M,Type mismatch,mod_cast has type,6,31855,0.018835
Goedel-32B,FATE-M,Resource exhaustion,maximum recursion depth has been reached,5,31855,0.015696
Goedel-32B,FATE-M,Tactic failure,case tag 'ID' not found,5,31855,0.015696
Goedel-32B,FATE-M,Type mismatch,invalid 'ID' notation: The expected type 'ID' has more than one constructor,5,31855,0.015696
Goedel-32B,FATE-M,Type mismatch,invalid pattern variable: Variable name 'ID' was already used,5,31855,0.015696
Goedel-32B,FATE-M,Tactic failure,'ID' requires either an expected type or a value.,4,31855,0.012557
Goedel-32B,FATE-M,Tactic failure,aesop: internal error: introducing rapps not found for these mvars: [_uniq.NUM],4,31855,0.012557
Goedel-32B,FATE-M,Type mismatch,"invalid 'ID' step, relation expected",4,31855,0.012557
Goedel-32B,FATE-M,Syntax error,unexpected token 'TOKEN'; expected term,3,31855,0.009418
Goedel-32B,FATE-M,Tactic failure,expected 'ID' or indented tactic sequence,3,31855,0.009418
Goedel-32B,FATE-M,Tactic failure,failed to rewrite using equation theorems for 'ID',3,31855,0.009418
Goedel-32B,FATE-M,Type mismatch,invalid projection: Projection operates on types of the form 'ID' where C is a constant. The expression,3,31855,0.009418
Goedel-32B,FATE-M,Unresolved name,"ambiguous term, use fully qualified name, possible interpretations ['ID']",3,31855,0.009418
Goedel-32B,FATE-M,Syntax error,unexpected end of input; expected 'TOKEN',2,31855,0.006278
Goedel-32B,FATE-M,Syntax error,unexpected token 'TOKEN'; expected 'TOKEN' or 'TOKEN',2,31855,0.006278
Goedel-32B,FATE-M,Tactic failure,"extensionality tactic only applies to equalities, not 'TYPE'",2,31855,0.006278
Goedel-32B,FATE-M,Tactic failure,"failed to prove nonzeroness, but it would be possible to prove nonnegativity if desired",2,31855,0.006278
Goedel-32B,FATE-M,Tactic failure,gcongr did not make progress,2,31855,0.006278
Goedel-32B,FATE-M,Tactic failure,"tactic 'ID' failed, no if-then-else conditions to split",2,31855,0.006278
Goedel-32B,FATE-M,Termination failure,fail to show termination for,2,31855,0.006278
Goedel-32B,FATE-M,Type mismatch,expected type must not contain free variables,2,31855,0.006278
Goedel-32B,FATE-M,Type mismatch,invalid projection: Type of,2,31855,0.006278
Goedel-32B,FATE-M,Unresolved name,unknown tactic 'ID',2,31855,0.006278
Goedel-32B,FATE-M,Missing instance,"invalid 'TYPE' step, failed to synthesize 'TYPE' instance",1,31855,0.003139
Goedel-32B,FATE-M,Missing instance,"synthesized type class instance is not definitionally equal to expression inferred by typing rules, synthesized",1,31855,0.003139
Goedel-32B,FATE-M,Syntax error,unexpected identifier; expected 'TOKEN',1,31855,0.003139
Goedel-32B,FATE-M,Syntax error,"unexpected identifier; expected 'TOKEN', 'TOKEN' or 'TOKEN'",1,31855,0.003139
Goedel-32B,FATE-M,Syntax error,unexpected token 'TOKEN'; expected 'TOKEN' or tactic,1,31855,0.003139
Goedel-32B,FATE-M,Syntax error,"unexpected token 'TOKEN'; expected 'TOKEN', 'TOKEN'",1,31855,0.003139
Goedel-32B,FATE-M,Syntax error,unexpected type ascription,1,31855,0.003139
Goedel-32B,FATE-M,Tactic failure,'ID' requires a term of the form 'ID' where 'ID' appears in the local context,1,31855,0.003139
Goedel-32B,FATE-M,Tactic failure,aesop: internal error: extracted proof has metavariables.,1,31855,0.003139
Goedel-32B,FATE-M,Tactic failure,elaboration function for 'ID' has not been implemented,1,31855,0.003139
Goedel-32B,FATE-M,Tactic failure,interval_cases failed: unsupported type 'TYPE',1,31855,0.003139
Goedel-32B,FATE-M,Tactic failure,"invalid 'ID' tactic, expected type has not been provided",1,31855,0.003139
Goedel-32B,FATE-M,Tactic failure,missing cases:,1,31855,0.003139
Goedel-32B,FATE-M,Tactic failure,not a positivity goal,1,31855,0.003139
Goedel-32B,FATE-M,Tactic failure,"ring failed, ring expressions not equal",1,31855,0.003139
Goedel-32B,FATE-M,Tactic failure,"tactic 'ID' failed, did not find equation for eliminating 'ID'",1,31855,0.003139
Goedel-32B,FATE-M,Tactic failure,"tactic 'ID' failed, requires an inductive type with NUM constructors",1,31855,0.003139
Goedel-32B,FATE-M,Tactic failure,"tactic 'ID' failed, the goal 'ID' is not of the form 'ID' or 'ID'",1,31855,0.003139
Goedel-32B,FATE-M,Type mismatch,argument 'ID' was already set,1,31855,0.003139
Goedel-32B,FATE-M,Type mismatch,don't know how to synthesize placeholder for argument 'ID',1,31855,0.003139
Goedel-32B,FATE-M,Type mismatch,expected type must not contain metavariables,1,31855,0.003139
Goedel-32B,FATE-M,Type mismatch,"failed to elaborate eliminator, insufficient number of arguments, expected type:",1,31855,0.003139
Goedel-32B,FATE-M,Type mismatch,invalid 'ID' notation: The expected type 'ID' has no constructors,1,31855,0.003139
Goedel-32B,FATE-M,Type mismatch,invalid patterns: 'ID' occurs only in positions inaccessible to pattern matching,1,31855,0.003139
Goedel-32B,FATE-M,Type mismatch,invalid projection: Cannot project a value of non-propositional type,1,31855,0.003139
Goedel-32B,FATE-M,Type mismatch,"invalid {...} notation, expected type is not known",1,31855,0.003139
Goedel-32B,FATE-M,Type mismatch,"invalid {...} notation, structure type expected",1,31855,0.003139
Goedel-32B,FATE-M,Type mismatch,type mismatch when assigning motive,1,31855,0.003139
Goedel-32B,FATE-M,Unresolved name,unknown universe level 'ID',1,31855,0.003139
Goedel-32B,ProofNet,Missing instance,failed to synthesize,8032,51239,15.675560
Goedel-32B,ProofNet,Unsolved goals,unsolved goals,6971,51239,13.604871
Goedel-32B,ProofNet,Unresolved name,unknown constant 'ID',6857,51239,13.382385
Goedel-32B,ProofNet,Unresolved name,unknown identifier 'ID',4711,51239,9.194169
Goedel-32B,ProofNet,Unresolved name,"invalid field 'ID', the environment does not contain 'ID'",4604,51239,8.985343
Goedel-32B,ProofNet,Type mismatch,type mismatch,2902,51239,5.663655
Goedel-32B,ProofNet,Type mismatch,application type mismatch,2375,51239,4.635141
Goedel-32B,ProofNet,Type mismatch,"invalid field notation, type is not of the form (C ...) where C is a constant",2299,51239,4.486817
Goedel-32B,ProofNet,Tactic failure,tactic 'ID' made no progress,1421,51239,2.773278
Goedel-32B,ProofNet,Tactic failure,linarith failed to find a contradiction,1155,51239,2.254142
Goedel-32B,ProofNet,Unresolved name,"overloaded, errors",1068,51239,2.084350
Goedel-32B,ProofNet,Tactic failure,"tactic 'ID' failed, equality or iff proof expected",1002,51239,1.955542
Goedel-32B,ProofNet,Tactic failure,"tactic 'ID' failed, did not find the pattern in the target expression",843,51239,1.645231
Goedel-32B,ProofNet,Type mismatch,function expected at 'ID',719,51239,1.403228
Goedel-32B,ProofNet,Syntax error,expected token,697,51239,1.360292
Goedel-32B,ProofNet,Tactic failure,"tactic 'ID' failed, nested error",679,51239,1.325162
Goedel-32B,ProofNet,Tactic failure,"tactic 'ID' failed, failed to unify",517,51239,1.008997
Goedel-32B,ProofNet,Tactic failure,omega could not prove the goal:,498,51239,0.971916
Goedel-32B,ProofNet,Unresolved name,"ambiguous, possible interpretations",355,51239,0.692832
Goedel-32B,ProofNet,Tactic failure,rcases tactic failed: 'ID' is not an inductive datatype,349,51239,0.681122
Goedel-32B,ProofNet,Tactic failure,no goals to be solved,308,51239,0.601105
Goedel-32B,ProofNet,Syntax error,unexpected token 'TOKEN'; expected command,285,51239,0.556217
Goedel-32B,ProofNet,Tactic failure,tactic 'ID' failed,272,51239,0.530846
Goedel-32B,ProofNet,Syntax error,unexpected token 'TOKEN'; expected 'TOKEN' or identifier,191,51239,0.372763
Goedel-32B,ProofNet,Tactic failure,"tactic 'ID' failed, insufficient number of binders",161,51239,0.314214
Goedel-32B,ProofNet,Syntax error,unexpected token 'TOKEN'; expected 'TOKEN',119,51239,0.232245
Goedel-32B,ProofNet,Type mismatch,invalid argument: variable 'ID' is not a proposition or let-declaration,116,51239,0.226390
Goedel-32B,ProofNet,Type mismatch,"invalid field notation, function 'ID' does not have an argument with the required receiver type",114,51239,0.222487
Goedel-32B,ProofNet,Type mismatch,"invalid constructor ⟨...⟩, expected type must be an inductive type",111,51239,0.216632
Goedel-32B,ProofNet,Type mismatch,"invalid constructor ⟨...⟩, insufficient number of arguments for 'ID'",111,51239,0.216632
Goedel-32B,ProofNet,Tactic failure,tauto failed to solve some goals.,106,51239,0.206874
Goedel-32B,ProofNet,Tactic failure,"tactic 'ID' failed, possible reasons",89,51239,0.173696
Goedel-32B,ProofNet,Tactic failure,"tactic 'ID' failed, motive is not type correct",79,51239,0.154179
Goedel-32B,ProofNet,Type mismatch,"type expected, got",73,51239,0.142470
Goedel-32B,ProofNet,Type mismatch,stuck at solving universe constraint,64,51239,0.124905
Goedel-32B,ProofNet,Tactic failure,tactic 'ID' failed for proposition,53,51239,0.103437
Goedel-32B,ProofNet,Tactic failure,interval_cases failed: unsupported type 'TYPE',51,51239,0.099534
Goedel-32B,ProofNet,Missing instance,"typeclass instance problem is stuck, it is often due to metavariables",50,51239,0.097582
Goedel-32B,ProofNet,Type mismatch,"invalid 'ID' step, left-hand side is",50,51239,0.097582
Goedel-32B,ProofNet,Type mismatch,"invalid pattern variable 'ID', must be atomic",44,51239,0.085872
Goedel-32B,ProofNet,Missing instance,type class instance expected,43,51239,0.083920
Goedel-32B,ProofNet,Tactic failure,rcases tactic failed: 'TERM',41,51239,0.080017
Goedel-32B,ProofNet,Tactic failure,"'ID' tactic failed, has type",35,51239,0.068307
Goedel-32B,ProofNet,Tactic failure,"aesop: error in norm simp: tactic 'ID' failed, nested error",32,51239,0.062452
Goedel-32B,ProofNet,Type mismatch,mod_cast has type,32,51239,0.062452
Goedel-32B,ProofNet,Tactic failure,not a positivity goal,30,51239,0.058549
Goedel-32B,ProofNet,Unresolved name,"ambiguous term, use fully qualified name, possible interpretations ['ID']",30,51239,0.058549
Goedel-32B,ProofNet,Missing instance,"invalid 'TYPE' step, failed to synthesize 'TYPE' instance",29,51239,0.056598
Goedel-32B,ProofNet,Type mismatch,expected a term of the shape 'ID' or 'ID',29,51239,0.056598
Goedel-32B,ProofNet,Tactic failure,"failed to prove strict positivity, but it would be possible to prove nonnegativity if desired",28,51239,0.054646
Goedel-32B,ProofNet,Unresolved name,'ID' is not a field of structure 'ID',28,51239,0.054646
Goedel-32B,ProofNet,Tactic failure,"tactic 'ID' failed, major premise type is not an inductive type",27,51239,0.052694
Goedel-32B,ProofNet,Type mismatch,"numerals are data in Lean, but the expected type is a proposition",25,51239,0.048791
Goedel-32B,ProofNet,Syntax error,unexpected identifier; expected command,24,51239,0.046839
Goedel-32B,ProofNet,Type mismatch,"invalid projection, structure expected",16,51239,0.031226
Goedel-32B,ProofNet,Type mismatch,expected type must not contain free or meta variables,15,51239,0.029275
Goedel-32B,ProofNet,Tactic failure,"tactic 'ID' failed, 'ID' is not an inductive datatype",14,51239,0.027323
Goedel-32B,ProofNet,Type mismatch,failed to solve universe constraint,12,51239,0.023420
Goedel-32B,ProofNet,Unresolved name,unknown tactic 'ID',12,51239,0.023420
Goedel-32B,ProofNet,Type mismatch,unexpected relation type,11,51239,0.021468
Goedel-32B,ProofNet,Syntax error,"unexpected token 'TOKEN'; expected 'TOKEN', 'TOKEN' or 'TOKEN'",10,51239,0.019516
Goedel-32B,ProofNet,Syntax error,unexpected token 'TOKEN'; expected identifier,10,51239,0.019516
Goedel-32B,ProofNet,Tactic failure,failed to prove positivity/nonnegativity/nonzeroness,9,51239,0.017565
Goedel-32B,ProofNet,Tactic failure,"invalid 'ID' tactic, expected type has not been provided",9,51239,0.017565
Goedel-32B,ProofNet,Tactic failure,"tactic 'ID' failed, failed to prove the goal",9,51239,0.017565
Goedel-32B,ProofNet,Syntax error,unexpected identifier; expected 'TOKEN',8,51239,0.015613
Goedel-32B,ProofNet,Tactic failure,"extensionality tactic only applies to equalities, not 'TYPE'",8,51239,0.015613
Goedel-32B,ProofNet,Tactic failure,"tactic 'ID' failed, no applicable constructor found",8,51239,0.015613
Goedel-32B,ProofNet,Tactic failure,case tag 'ID' not found,7,51239,0.013661
Goedel-32B,ProofNet,Tactic failure,tactic 'ID' proved that the proposition,7,51239,0.013661
Goedel-32B,ProofNet,Missing instance,choose!: failed to synthesize any nonempty instances 'TYPE',6,51239,0.011710
Goedel-32B,ProofNet,Tactic failure,"invalid 'ID', proposition expected",6,51239,0.011710
Goedel-32B,ProofNet,Tactic failure,"tactic 'ID' failed, invalid equality proof, it is not of the form (x = t) or (t = x)",6,51239,0.011710
Goedel-32B,ProofNet,Tactic failure,"tactic 'ID' failed, requires an inductive type with NUM constructors",6,51239,0.011710
Goedel-32B,ProofNet,Type mismatch,"invalid constructor ⟨...⟩, expected type must be an inductive type with only one constructor",6,51239,0.011710
Goedel-32B,ProofNet,Syntax error,unexpected token 'TOKEN'; expected term,5,51239,0.009758
Goedel-32B,ProofNet,Tactic failure,expected 'ID' or indented tactic sequence,5,51239,0.009758
Goedel-32B,ProofNet,Termination failure,fail to show termination for,5,51239,0.009758
Goedel-32B,ProofNet,Type mismatch,"invalid projection, the expression",5,51239,0.009758
Goedel-32B,ProofNet,Unresolved name,'ID' has already been declared,5,51239,0.009758
Goedel-32B,ProofNet,Unresolved name,unknown universe level 'ID',5,51239,0.009758
Goedel-32B,ProofNet,Syntax error,"unexpected token 'TOKEN'; expected 'TOKEN', 'TOKEN', 'TOKEN' or 'TOKEN'",4,51239,0.007807
Goedel-32B,ProofNet,Tactic failure,interval_cases failed: could not find upper bound on 'TERM',4,51239,0.007807
Goedel-32B,ProofNet,Tactic failure,no applicable extensionality theorem found for 'TYPE',4,51239,0.007807
Goedel-32B,ProofNet,Syntax error,unexpected token 'TOKEN'; expected 'TOKEN' or tactic,3,51239,0.005855
Goedel-32B,ProofNet,Tactic failure,failed to rewrite using equation theorems for 'ID',3,51239,0.005855
Goedel-32B,ProofNet,Type mismatch,"failed to prove index is valid, possible solutions:",3,51239,0.005855
Goedel-32B,ProofNet,Type mismatch,"invalid projection, structure has only NUM field(s)",3,51239,0.005855
Goedel-32B,ProofNet,Type mismatch,"invalid {...} notation, expected type is not of the form (C ...)",3,51239,0.005855
Goedel-32B,ProofNet,Type mismatch,"numerals are data in Lean, but the expected type is universe polymorphic and may be a proposition",3,51239,0.005855
Goedel-32B,ProofNet,Type mismatch,type mismatch when assigning motive,3,51239,0.005855
Goedel-32B,ProofNet,Syntax error,unexpected end of input; expected 'TOKEN',2,51239,0.003903
Goedel-32B,ProofNet,Syntax error,"unexpected token 'TOKEN'; expected 'TOKEN', 'TOKEN', 'TOKEN', 'TOKEN' or term",2,51239,0.003903
Goedel-32B,ProofNet,Tactic failure,alternative 'ID' has not been provided,2,51239,0.003903
Goedel-32B,ProofNet,Tactic failure,"failed to prove strict positivity, but it would be possible to prove nonzeroness if desired",2,51239,0.003903
Goedel-32B,ProofNet,Tactic failure,index in target's type is not a variable (consider using the 'ID' tactic instead),2,51239,0.003903
Goedel-32B,ProofNet,Tactic failure,invalid alternative name 'ID',2,51239,0.003903
Goedel-32B,ProofNet,Tactic failure,"tactic 'ID' failed, 'TERM'",2,51239,0.003903
Goedel-32B,ProofNet,Tactic failure,"tactic 'ID' failed, no if-then-else conditions to split",2,51239,0.003903
Goedel-32B,ProofNet,Tactic failure,"tactic 'ID' failed, pattern is a metavariable",2,51239,0.003903
Goedel-32B,ProofNet,Tactic failure,"tactic 'ID' failed, result is not type correct",2,51239,0.003903
Goedel-32B,ProofNet,Tactic failure,unused alternative 'ID',2,51239,0.003903
Goedel-32B,ProofNet,Type mismatch,don't know how to synthesize implicit argument 'ID',2,51239,0.003903
Goedel-32B,ProofNet,Type mismatch,"failed to elaborate eliminator, insufficient number of arguments, expected type:",2,51239,0.003903
Goedel-32B,ProofNet,Type mismatch,failed to infer 'ID' declaration type,2,51239,0.003903
Goedel-32B,ProofNet,Type mismatch,fields missing: 'ID',2,51239,0.003903
Goedel-32B,ProofNet,Syntax error,unexpected identifier; expected 'TOKEN' or 'TOKEN',1,51239,0.001952
Goedel-32B,ProofNet,Syntax error,unexpected token 'TOKEN'; expected 'TOKEN' or 'TOKEN',1,51239,0.001952
Goedel-32B,ProofNet,Syntax error,unexpected token 'TOKEN'; expected 'TOKEN' or binderPred,1,51239,0.001952
Goedel-32B,ProofNet,Syntax error,"unexpected token 'TOKEN'; expected 'TOKEN', 'TOKEN', 'TOKEN', 'TOKEN', 'TOKEN' or term",1,51239,0.001952
Goedel-32B,ProofNet,Syntax error,"unexpected token 'TOKEN'; expected 'TOKEN', 'TOKEN', 'TOKEN', 'TOKEN', 'TOKEN', identifier or term",1,51239,0.001952
Goedel-32B,ProofNet,Tactic failure,'ID' requires either an expected type or a value.,1,51239,0.001952
Goedel-32B,ProofNet,Tactic failure,aesop: exceeded maximum number of normalisation iterations (NUM). This means normalisation probably got stuck in an infinite loop.,1,51239,0.001952
Goedel-32B,ProofNet,Tactic failure,aesop: internal error: extracted proof has metavariables.,1,51239,0.001952
Goedel-32B,ProofNet,Tactic failure,"failed to prove nonzeroness, but it would be possible to prove nonnegativity if desired",1,51239,0.001952
Goedel-32B,ProofNet,Tactic failure,interval_cases failed: could not find bounds on 'TERM',1,51239,0.001952
Goedel-32B,ProofNet,Tactic failure,"tactic failed, resulting expression contains metavariables",1,51239,0.001952
Goedel-32B,ProofNet,Type mismatch,don't know how to synthesize placeholder for argument 'ID',1,51239,0.001952
Goedel-32B,ProofNet,Type mismatch,"invalid 'ID' notation, expected result type of cast is",1,51239,0.001952
Goedel-32B,ProofNet,Type mismatch,"invalid 'ID' notation, the equality",1,51239,0.001952
Goedel-32B,ProofNet,Type mismatch,invalid argument name 'ID' for function 'ID',1,51239,0.001952
Goedel-32B,ProofNet,Type mismatch,"invalid {...} notation, expected type is not known",1,51239,0.001952
Goedel-32B,ProofNet,Type mismatch,unknown metavariable 'ID',1,51239,0.001952
Goedel-32B,Putnam,Resource exhaustion,"(deterministic) timeout at 'ID', maximum number of heartbeats (NUM) has been reached",31895,118779,26.852390
Goedel-32B,Putnam,Unsolved goals,unsolved goals,23128,118779,19.471455
Goedel-32B,Putnam,Tactic failure,linarith failed to find a contradiction,7379,118779,6.212378
Goedel-32B,Putnam,Type mismatch,type mismatch,6489,118779,5.463087
Goedel-32B,Putnam,Missing instance,failed to synthesize,6336,118779,5.334276
Goedel-32B,Putnam,Unresolved name,unknown identifier 'ID',6139,118779,5.168422
Goedel-32B,Putnam,Type mismatch,application type mismatch,4375,118779,3.683311
Goedel-32B,Putnam,Tactic failure,"tactic 'ID' failed, nested error",4118,118779,3.466943
Goedel-32B,Putnam,Tactic failure,tactic 'ID' made no progress,3298,118779,2.776585
Goedel-32B,Putnam,Unresolved name,unknown constant 'ID',3161,118779,2.661245
Goedel-32B,Putnam,Resource exhaustion,"resource exhausted (error code: NUM, cannot allocate memory)",3002,118779,2.527383
Goedel-32B,Putnam,Unresolved name,"invalid field 'ID', the environment does not contain 'ID'",2435,118779,2.050026
Goedel-32B,Putnam,Tactic failure,omega could not prove the goal:,2339,118779,1.969203
Goedel-32B,Putnam,Tactic failure,"tactic 'ID' failed, did not find the pattern in the target expression",1820,118779,1.532257
Goedel-32B,Putnam,Type mismatch,"invalid field notation, type is not of the form (C ...) where C is a constant",1578,118779,1.328518
Goedel-32B,Putnam,Tactic failure,"tactic 'ID' failed, failed to unify",1192,118779,1.003544
Goedel-32B,Putnam,Type mismatch,function expected at 'ID',975,118779,0.820852
Goedel-32B,Putnam,Tactic failure,"tactic 'ID' failed, equality or iff proof expected",970,118779,0.816643
Goedel-32B,Putnam,Tactic failure,"tactic 'ID' failed, possible reasons",837,118779,0.704670
Goedel-32B,Putnam,Tactic failure,"tactic 'ID' failed, insufficient number of binders",464,118779,0.390641
Goedel-32B,Putnam,Tactic failure,no goals to be solved,462,118779,0.388958
Goedel-32B,Putnam,Type mismatch,"invalid field notation, function 'ID' does not have an argument with the required receiver type",449,118779,0.378013
Goedel-32B,Putnam,Type mismatch,"invalid projection, structure expected",423,118779,0.356124
Goedel-32B,Putnam,Type mismatch,"invalid constructor ⟨...⟩, expected type must be an inductive type",357,118779,0.300558
Goedel-32B,Putnam,Resource exhaustion,maximum recursion depth has been reached,320,118779,0.269408
Goedel-32B,Putnam,Tactic failure,tactic 'ID' failed,292,118779,0.245835
Goedel-32B,Putnam,Type mismatch,unexpected bound variable #NUM,269,118779,0.226471
Goedel-32B,Putnam,Syntax error,unexpected token 'TOKEN'; expected 'TOKEN',238,118779,0.200372
Goedel-32B,Putnam,Tactic failure,rcases tactic failed: 'ID' is not an inductive datatype,233,118779,0.196163
Goedel-32B,Putnam,Syntax error,unexpected token 'TOKEN'; expected command,205,118779,0.172589
Goedel-32B,Putnam,Type mismatch,invalid pattern: constructor or constant marked with 'ID' expected,166,118779,0.139755
Goedel-32B,Putnam,Unresolved name,"overloaded, errors",157,118779,0.132178
Goedel-32B,Putnam,Syntax error,expected token,148,118779,0.124601
Goedel-32B,Putnam,Type mismatch,mod_cast has type,134,118779,0.112815
Goedel-32B,Putnam,Tactic failure,tauto failed to solve some goals.,129,118779,0.108605
Goedel-32B,Putnam,Tactic failure,"tactic 'ID' failed, motive is not type correct",114,118779,0.095977
Goedel-32B,Putnam,Type mismatch,"numerals are data in Lean, but the expected type is a proposition",111,118779,0.093451
Goedel-32B,Putnam,Type mismatch,invalid argument: variable 'ID' is not a proposition or let-declaration,110,118779,0.092609
Goedel-32B,Putnam,Unresolved name,"ambiguous, possible interpretations",107,118779,0.090083
Goedel-32B,Putnam,Tactic failure,"tactic 'ID' failed, failed to prove the goal",105,118779,0.088399
Goedel-32B,Putnam,Tactic failure,failed to prove positivity/nonnegativity/nonzeroness,103,118779,0.086716
Goedel-32B,Putnam,Tactic failure,"aesop: error in norm simp: tactic 'ID' failed, nested error",101,118779,0.085032
Goedel-32B,Putnam,Type mismatch,"type expected, got",99,118779,0.083348
Goedel-32B,Putnam,Syntax error,"unexpected token 'TOKEN'; expected 'TOKEN', 'TOKEN' or 'TOKEN'",95,118779,0.079980
Goedel-32B,Putnam,Type mismatch,"invalid constructor ⟨...⟩, expected type must be an inductive type with only one constructor",94,118779,0.079139
Goedel-32B,Putnam,Tactic failure,interval_cases failed: unsupported type 'TYPE',93,118779,0.078297
Goedel-32B,Putnam,Type mismatch,expected type must not contain free or meta variables,88,118779,0.074087
Goedel-32B,Putnam,Tactic failure,couldn't rearrange comparison 'TERM',85,118779,0.071561
Goedel-32B,Putnam,Tactic failure,"'ID' tactic failed, has type",84,118779,0.070720
Goedel-32B,Putnam,Type mismatch,"failed to prove index is valid, possible solutions:",81,118779,0.068194
Goedel-32B,Putnam,Type mismatch,stuck at solving universe constraint,81,118779,0.068194
Goedel-32B,Putnam,Tactic failure,not a positivity goal,73,118779,0.061459
Goedel-32B,Putnam,Missing instance,"typeclass instance problem is stuck, it is often due to metavariables",69,118779,0.058091
Goedel-32B,Putnam,Tactic failure,"tactic 'ID' failed, invalid equality proof, it is not of the form (x = t) or (t = x)",64,118779,0.053882
Goedel-32B,Putnam,Syntax error,unexpected identifier; expected command,63,118779,0.053040
Goedel-32B,Putnam,Type mismatch,"invalid projection, structure has only NUM field(s)",61,118779,0.051356
Goedel-32B,Putnam,Tactic failure,"failed to prove strict positivity, but it would be possible to prove nonnegativity if desired",58,118779,0.048830
Goedel-32B,Putnam,Tactic failure,no applicable extensionality theorem found for 'TYPE',51,118779,0.042937
Goedel-32B,Putnam,Type mismatch,"invalid 'ID' step, left-hand side is",46,118779,0.038727
Goedel-32B,Putnam,Type mismatch,"invalid constructor ⟨...⟩, insufficient number of arguments for 'ID'",42,118779,0.035360
Goedel-32B,Putnam,Missing instance,"invalid 'TYPE' step, failed to synthesize 'TYPE' instance",39,118779,0.032834
Goedel-32B,Putnam,Tactic failure,"tactic 'ID' failed, 'ID' is not an inductive datatype",39,118779,0.032834
Goedel-32B,Putnam,Tactic failure,tactic 'ID' failed for proposition,34,118779,0.028625
Goedel-32B,Putnam,Tactic failure,"tactic 'ID' failed, no if-then-else conditions to split",30,118779,0.025257
Goedel-32B,Putnam,Type mismatch,unexpected relation type,29,118779,0.024415
Goedel-32B,Putnam,Tactic failure,rcases tactic failed: 'TERM',26,118779,0.021889
Goedel-32B,Putnam,Tactic failure,tactic 'ID' proved that the proposition,25,118779,0.021047
Goedel-32B,Putnam,Tactic failure,invalid alternative name 'ID',23,118779,0.019364
Goedel-32B,Putnam,Unresolved name,'ID' is not a field of structure 'ID',23,118779,0.019364
Goedel-32B,Putnam,Syntax error,unexpected token 'TOKEN'; expected term,20,118779,0.016838
Goedel-32B,Putnam,Syntax error,unexpected type ascription,20,118779,0.016838
Goedel-32B,Putnam,Tactic failure,"tactic 'ID' failed, major premise type is not an inductive type",17,118779,0.014312
Goedel-32B,Putnam,Missing instance,type class instance expected,16,118779,0.013470
Goedel-32B,Putnam,Syntax error,expected interpolated string,16,118779,0.013470
Goedel-32B,Putnam,Syntax error,unexpected token 'TOKEN'; expected 'TOKEN' or term,16,118779,0.013470
Goedel-32B,Putnam,Tactic failure,'ID' requires a term of the form 'ID' where 'ID' appears in the local context,16,118779,0.013470
Goedel-32B,Putnam,Tactic failure,"extensionality tactic only applies to equalities, not 'TYPE'",16,118779,0.013470
Goedel-32B,Putnam,Unresolved name,unknown tactic 'ID',16,118779,0.013470
Goedel-32B,Putnam,Syntax error,unexpected token 'TOKEN'; expected 'TOKEN' or tactic,15,118779,0.012628
Goedel-32B,Putnam,Tactic failure,case tag 'ID' not found,15,118779,0.012628
Goedel-32B,Putnam,Tactic failure,interval_cases failed: could not find upper bound on 'TERM',14,118779,0.011787
Goedel-32B,Putnam,Tactic failure,"tactic failed, resulting expression contains metavariables",12,118779,0.010103
Goedel-32B,Putnam,Type mismatch,don't know how to synthesize implicit argument 'ID',11,118779,0.009261
Goedel-32B,Putnam,Type mismatch,failed to infer binder type,11,118779,0.009261
Goedel-32B,Putnam,Unresolved name,"ambiguous term, use fully qualified name, possible interpretations ['ID']",11,118779,0.009261
Goedel-32B,Putnam,Type mismatch,"invalid 'ID' notation, argument",10,118779,0.008419
Goedel-32B,Putnam,Type mismatch,"invalid constructor ⟨...⟩, expected type must be known",10,118779,0.008419
Goedel-32B,Putnam,Syntax error,unexpected syntax,9,118779,0.007577
Goedel-32B,Putnam,Tactic failure,"invalid 'ID' tactic, expected type has not been provided",9,118779,0.007577
Goedel-32B,Putnam,Syntax error,unexpected identifier; expected 'TOKEN',8,118779,0.006735
Goedel-32B,Putnam,Syntax error,unexpected token 'TOKEN'; expected 'TOKEN' or 'TOKEN',8,118779,0.006735
Goedel-32B,Putnam,Tactic failure,"failed to prove nonzeroness, but it would be possible to prove nonnegativity if desired",8,118779,0.006735
Goedel-32B,Putnam,Tactic failure,"tactic 'ID' failed, pattern is a metavariable",8,118779,0.006735
Goedel-32B,Putnam,Unresolved name,'ID' has already been declared,8,118779,0.006735
Goedel-32B,Putnam,Tactic failure,expected 'ID' or indented tactic sequence,7,118779,0.005893
Goedel-32B,Putnam,Tactic failure,too many arguments supplied to 'ID',7,118779,0.005893
Goedel-32B,Putnam,Type mismatch,"invalid projection, the expression",7,118779,0.005893
Goedel-32B,Putnam,Syntax error,unexpected token 'TOKEN'; expected identifier,6,118779,0.005051
Goedel-32B,Putnam,Tactic failure,aesop: internal error: extracted proof has metavariables.,6,118779,0.005051
Goedel-32B,Putnam,Tactic failure,alternative 'ID' has not been provided,6,118779,0.005051
Goedel-32B,Putnam,Tactic failure,failed to rewrite using equation theorems for 'ID',6,118779,0.005051
Goedel-32B,Putnam,Tactic failure,"tactic 'ID' failed, result is not type correct",6,118779,0.005051
Goedel-32B,Putnam,Tactic failure,unexpected term 'ID'; expected single reference to variable,6,118779,0.005051
Goedel-32B,Putnam,Type mismatch,"failed to elaborate eliminator, expected type is not available",6,118779,0.005051
Goedel-32B,Putnam,Type mismatch,"invalid 'ID' notation, the equality",6,118779,0.005051
Goedel-32B,Putnam,Type mismatch,invalid argument name 'ID' for function 'ID',6,118779,0.005051
Goedel-32B,Putnam,Type mismatch,the 'ID' notation should not be used with more than one binder.,6,118779,0.005051
Goedel-32B,Putnam,Syntax error,"unexpected identifier; expected 'TOKEN', 'TOKEN' or 'TOKEN'",5,118779,0.004209
Goedel-32B,Putnam,Tactic failure,aesop: error while running norm rule norm|constructors|global|ULift: rule produced more than one subgoal.,5,118779,0.004209
Goedel-32B,Putnam,Tactic failure,target (or one of its indices) occurs more than once,5,118779,0.004209
Goedel-32B,Putnam,Type mismatch,"invalid field notation, identifier or numeral expected",5,118779,0.004209
Goedel-32B,Putnam,Type mismatch,"invalid occurrence of universe level 'ID' at 'ID', it does not occur at the declaration type, nor it is explicit universe level provided by the user, occurring at expression",5,118779,0.004209
Goedel-32B,Putnam,Syntax error,unexpected end of input; expected 'TOKEN',4,118779,0.003368
Goedel-32B,Putnam,Tactic failure,argument passed to linarith has metavariables:,4,118779,0.003368
Goedel-32B,Putnam,Tactic failure,argument passed to nlinarith has metavariables:,4,118779,0.003368
Goedel-32B,Putnam,Tactic failure,"invalid 'ID', proposition expected",4,118779,0.003368
Goedel-32B,Putnam,Tactic failure,"ring failed, ring expressions not equal",4,118779,0.003368
Goedel-32B,Putnam,Type mismatch,"invalid occurrence of 'ID' notation, it must be surrounded by parentheses (e.g. 'ID')",4,118779,0.003368
Goedel-32B,Putnam,Syntax error,missing end of character literal,3,118779,0.002526
Goedel-32B,Putnam,Syntax error,unexpected token 'TOKEN'; expected rcasesPat,3,118779,0.002526
Goedel-32B,Putnam,Tactic failure,"aesop: error in norm simp: simp failed, maximum number of steps exceeded",3,118779,0.002526
Goedel-32B,Putnam,Tactic failure,aesop: exceeded maximum number of normalisation iterations (NUM). This means normalisation probably got stuck in an infinite loop.,3,118779,0.002526
Goedel-32B,Putnam,Tactic failure,"failed to prove strict positivity, but it would be possible to prove nonzeroness if desired",3,118779,0.002526
Goedel-32B,Putnam,Tactic failure,gcongr did not make progress,3,118779,0.002526
Goedel-32B,Putnam,Tactic failure,index in target's type is not a variable (consider using the 'ID' tactic instead),3,118779,0.002526
Goedel-32B,Putnam,Type mismatch,fields missing: 'ID',3,118779,0.002526
Goedel-32B,Putnam,Type mismatch,"invalid 'ID' notation, expected result type of cast is",3,118779,0.002526
Goedel-32B,Putnam,Type mismatch,type mismatch when assigning motive,3,118779,0.002526
Goedel-32B,Putnam,Missing instance,aesop: error in norm simp: failed to synthesize,2,118779,0.001684
Goedel-32B,Putnam,Syntax error,"unexpected end of input; expected 'TOKEN', 'TOKEN' or 'TOKEN'",2,118779,0.001684
Goedel-32B,Putnam,Syntax error,unexpected identifier; expected 'TOKEN' or 'TOKEN',2,118779,0.001684
Goedel-32B,Putnam,Syntax error,unexpected token 'TOKEN'; expected 'TOKEN' or identifier,2,118779,0.001684
Goedel-32B,Putnam,Tactic failure,"failed to prove nonnegativity, but it would be possible to prove nonzeroness if desired",2,118779,0.001684
Goedel-32B,Putnam,Tactic failure,"tactic 'ID' failed, no applicable constructor found",2,118779,0.001684
Goedel-32B,Putnam,Type mismatch,failed to infer 'ID' declaration type,2,118779,0.001684
Goedel-32B,Putnam,Type mismatch,"invalid 'ID' step, relation expected",2,118779,0.001684
Goedel-32B,Putnam,Type mismatch,target,2,118779,0.001684
Goedel-32B,Putnam,Resource exhaustion,(kernel) deterministic timeout,1,118779,0.000842
Goedel-32B,Putnam,Syntax error,expected checkColGt,1,118779,0.000842
Goedel-32B,Putnam,Syntax error,expected no space before,1,118779,0.000842
Goedel-32B,Putnam,Syntax error,"unexpected token 'TOKEN'; expected 'TOKEN', 'TOKEN'",1,118779,0.000842
Goedel-32B,Putnam,Syntax error,"unexpected token 'TOKEN'; expected 'TOKEN', 'TOKEN' or identifier",1,118779,0.000842
Goedel-32B,Putnam,Syntax error,"unexpected token 'TOKEN'; expected 'TOKEN', 'TOKEN', 'TOKEN' or tactic",1,118779,0.000842
Goedel-32B,Putnam,Tactic failure,aesop: internal error during proof reconstruction: goal NUM was not normalised.,1,118779,0.000842
Goedel-32B,Putnam,Tactic failure,"dependent elimination failed, failed to solve equation",1,118779,0.000842
Goedel-32B,Putnam,Tactic failure,insufficient number of targets for 'ID',1,118779,0.000842
Goedel-32B,Putnam,Tactic failure,interval_cases failed: could not find lower bound on 'TERM',1,118779,0.000842
Goedel-32B,Putnam,Tactic failure,"invalid 'ID' theorem, equation is equivalent to",1,118779,0.000842
Goedel-32B,Putnam,Tactic failure,missing cases:,1,118779,0.000842
Goedel-32B,Putnam,Tactic failure,"tactic 'ID' failed, requires an inductive type with NUM constructors",1,118779,0.000842
Goedel-32B,Putnam,Tactic failure,"tactic 'ID' failed, target depends on 'ID'",1,118779,0.000842
Goedel-32B,Putnam,Tactic failure,"too many variable names provided at alternative 'ID', #NUM provided, but #NUM expected",1,118779,0.000842
Goedel-32B,Putnam,Tactic failure,"unnecessary 'ID' argument, variable 'ID' is generalized automatically",1,118779,0.000842
Goedel-32B,Putnam,Type mismatch,don't know how to synthesize placeholder for argument 'ID',1,118779,0.000842
Goedel-32B,Putnam,Type mismatch,failed to infer implicit target 'ID',1,118779,0.000842
Goedel-32B,Putnam,Type mismatch,"invalid binder name 'ID', it must be atomic",1,118779,0.000842
Goedel-32B,Putnam,Type mismatch,"invalid coercion notation, expected type is not known",1,118779,0.000842
Goedel-32B,Putnam,Type mismatch,"invalid match-expression, type of pattern variable 'ID' contains metavariables",1,118779,0.000842
Goedel-32B,Putnam,Type mismatch,"invalid pattern variable 'ID', must be atomic",1,118779,0.000842
Goedel-32B,Putnam,Type mismatch,invalid patterns: 'ID' occurs only in positions inaccessible to pattern matching,1,118779,0.000842
Goedel-32B,miniF2F,Unsolved goals,unsolved goals,2107,6278,33.561644
Goedel-32B,miniF2F,Tactic failure,omega could not prove the goal:,822,6278,13.093342
Goedel-32B,miniF2F,Tactic failure,linarith failed to find a contradiction,806,6278,12.838484
Goedel-32B,miniF2F,Type mismatch,application type mismatch,491,6278,7.820962
Goedel-32B,miniF2F,Unresolved name,unknown identifier 'ID',469,6278,7.470532
Goedel-32B,miniF2F,Type mismatch,type mismatch,303,6278,4.826378
Goedel-32B,miniF2F,Missing instance,failed to synthesize,257,6278,4.093660
Goedel-32B,miniF2F,Tactic failure,tactic 'ID' made no progress,179,6278,2.851227
Goedel-32B,miniF2F,Tactic failure,"tactic 'ID' failed, did not find the pattern in the target expression",118,6278,1.879579
Goedel-32B,miniF2F,Tactic failure,"tactic 'ID' failed, nested error",110,6278,1.752150
Goedel-32B,miniF2F,Tactic failure,"tactic 'ID' failed, failed to unify",104,6278,1.656579
Goedel-32B,miniF2F,Resource exhaustion,maximum recursion depth has been reached,81,6278,1.290220
Goedel-32B,miniF2F,Tactic failure,"tactic 'ID' failed, possible reasons",48,6278,0.764575
Goedel-32B,miniF2F,Tactic failure,"tactic 'ID' failed, equality or iff proof expected",40,6278,0.637146
Goedel-32B,miniF2F,Type mismatch,"invalid field notation, type is not of the form (C ...) where C is a constant",36,6278,0.573431
Goedel-32B,miniF2F,Unresolved name,unknown constant 'ID',36,6278,0.573431
Goedel-32B,miniF2F,Tactic failure,rcases tactic failed: 'ID' is not an inductive datatype,33,6278,0.525645
Goedel-32B,miniF2F,Tactic failure,no goals to be solved,26,6278,0.414145
Goedel-32B,miniF2F,Tactic failure,tactic 'ID' failed,23,6278,0.366359
Goedel-32B,miniF2F,Type mismatch,mod_cast has type,21,6278,0.334501
Goedel-32B,miniF2F,Tactic failure,not a positivity goal,15,6278,0.238930
Goedel-32B,miniF2F,Tactic failure,failed to prove positivity/nonnegativity/nonzeroness,14,6278,0.223001
Goedel-32B,miniF2F,Type mismatch,function expected at 'ID',13,6278,0.207072
Goedel-32B,miniF2F,Tactic failure,"'ID' tactic failed, has type",12,6278,0.191144
Goedel-32B,miniF2F,Tactic failure,tauto failed to solve some goals.,12,6278,0.191144
Goedel-32B,miniF2F,Unresolved name,"invalid field 'ID', the environment does not contain 'ID'",10,6278,0.159286
Goedel-32B,miniF2F,Syntax error,unexpected token 'TOKEN'; expected command,9,6278,0.143358
Goedel-32B,miniF2F,Tactic failure,"tactic 'ID' failed, insufficient number of binders",8,6278,0.127429
Goedel-32B,miniF2F,Missing instance,"invalid 'TYPE' step, failed to synthesize 'TYPE' instance",7,6278,0.111500
Goedel-32B,miniF2F,Type mismatch,invalid argument: variable 'ID' is not a proposition or let-declaration,7,6278,0.111500
Goedel-32B,miniF2F,Type mismatch,"invalid constructor ⟨...⟩, expected type must be an inductive type with only one constructor",7,6278,0.111500
Goedel-32B,miniF2F,Type mismatch,"failed to prove index is valid, possible solutions:",6,6278,0.095572
Goedel-32B,miniF2F,Type mismatch,"invalid 'ID' step, left-hand side is",6,6278,0.095572
Goedel-32B,miniF2F,Syntax error,unexpected token 'TOKEN'; expected 'TOKEN',5,6278,0.079643
Goedel-32B,miniF2F,Type mismatch,"invalid constructor ⟨...⟩, insufficient number of arguments for 'ID'",4,6278,0.063715
Goedel-32B,miniF2F,Syntax error,unexpected identifier; expected command,3,6278,0.047786
Goedel-32B,miniF2F,Tactic failure,tactic 'ID' proved that the proposition,3,6278,0.047786
Goedel-32B,miniF2F,Type mismatch,"invalid constructor ⟨...⟩, expected type must be an inductive type",3,6278,0.047786
Goedel-32B,miniF2F,Type mismatch,unexpected relation type,3,6278,0.047786
Goedel-32B,miniF2F,Syntax error,expected token,2,6278,0.031857
Goedel-32B,miniF2F,Syntax error,"unexpected token 'TOKEN'; expected 'TOKEN', 'TOKEN' or 'TOKEN'",2,6278,0.031857
Goedel-32B,miniF2F,Tactic failure,expected 'ID' or indented tactic sequence,2,6278,0.031857
Goedel-32B,miniF2F,Type mismatch,expected type must not contain free or meta variables,2,6278,0.031857
Goedel-32B,miniF2F,Type mismatch,"type expected, got",2,6278,0.031857
Goedel-32B,miniF2F,Unresolved name,"ambiguous, possible interpretations",2,6278,0.031857
Goedel-32B,miniF2F,Syntax error,unexpected token 'TOKEN'; expected 'TOKEN' or identifier,1,6278,0.015929
Goedel-32B,miniF2F,Tactic failure,alternative 'ID' has not been provided,1,6278,0.015929
Goedel-32B,miniF2F,Tactic failure,case tag 'ID' not found,1,6278,0.015929
Goedel-32B,miniF2F,Tactic failure,"failed to prove strict positivity, but it would be possible to prove nonnegativity if desired",1,6278,0.015929
Goedel-32B,miniF2F,Tactic failure,index in target's type is not a variable (consider using the 'ID' tactic instead),1,6278,0.015929
Goedel-32B,miniF2F,Tactic failure,interval_cases failed: unsupported type 'TYPE',1,6278,0.015929
Goedel-32B,miniF2F,Tactic failure,"tactic 'ID' failed, 'ID' is not an inductive datatype",1,6278,0.015929
Goedel-32B,miniF2F,Type mismatch,"invalid 'ID' step, relation expected",1,6278,0.015929
Goedel-32B,miniF2F,Type mismatch,"numerals are data in Lean, but the expected type is a proposition",1,6278,0.015929
Goedel-8B,FATE-H,Missing instance,failed to synthesize instance of type class,2247,15391,14.599441
Goedel-8B,FATE-H,Unresolved name,unknown constant 'ID',2193,15391,14.248587
Goedel-8B,FATE-H,Unsolved goals,unsolved goals,2001,15391,13.001105
Goedel-8B,FATE-H,Unresolved name,unknown identifier 'ID',1885,15391,12.247417
Goedel-8B,FATE-H,Unresolved name,"invalid field 'ID', the environment does not contain 'ID'",1145,15391,7.439413
Goedel-8B,FATE-H,Type mismatch,type mismatch,1027,15391,6.672731
Goedel-8B,FATE-H,Type mismatch,application type mismatch: The argument,558,15391,3.625495
Goedel-8B,FATE-H,Tactic failure,tactic 'ID' made no progress,518,15391,3.365603
Goedel-8B,FATE-H,Tactic failure,no goals to be solved,446,15391,2.897797
Goedel-8B,FATE-H,Syntax error,unexpected identifier; expected command,364,15391,2.365019
Goedel-8B,FATE-H,Type mismatch,"type mismatch: After simplification, term",279,15391,1.812748
Goedel-8B,FATE-H,Type mismatch,function expected at 'ID',246,15391,1.598337
Goedel-8B,FATE-H,Type mismatch,invalid field notation: Field projection operates on types of the form 'ID' where C is a constant. The expression,211,15391,1.370931
Goedel-8B,FATE-H,Tactic failure,omega could not prove the goal:,176,15391,1.143525
Goedel-8B,FATE-H,Tactic failure,"tactic 'ID' failed, nested error",164,15391,1.065558
Goedel-8B,FATE-H,Tactic failure,linarith failed to find a contradiction,147,15391,0.955104
Goedel-8B,FATE-H,Tactic failure,tactic 'ID' failed,123,15391,0.799168
Goedel-8B,FATE-H,Tactic failure,"tactic 'ID' failed, insufficient number of binders",117,15391,0.760185
Goedel-8B,FATE-H,Tactic failure,"tactic 'ID' failed, did not find the pattern in the target expression",114,15391,0.740693
Goedel-8B,FATE-H,Type mismatch,insufficient number of fields for 'ID' constructor,105,15391,0.682217
Goedel-8B,FATE-H,Tactic failure,"tactic 'ID' failed, could not unify the conclusion of 'ID'",83,15391,0.539276
Goedel-8B,FATE-H,Type mismatch,"type expected, got",78,15391,0.506790
Goedel-8B,FATE-H,Syntax error,unexpected token 'TOKEN'; expected command,76,15391,0.493795
Goedel-8B,FATE-H,Tactic failure,"tactic 'ID' failed, motive is not type correct",74,15391,0.480800
Goedel-8B,FATE-H,Missing instance,type class instance expected,69,15391,0.448314
Goedel-8B,FATE-H,Tactic failure,"tactic 'ID' failed, the left-hand side does not match the right-hand side",47,15391,0.305373
Goedel-8B,FATE-H,Missing instance,failed to synthesize,45,15391,0.292379
Goedel-8B,FATE-H,Unresolved name,ambiguous term,44,15391,0.285881
Goedel-8B,FATE-H,Unresolved name,'ID' is not a field of structure 'ID',43,15391,0.279384
Goedel-8B,FATE-H,Syntax error,"unexpected token 'TOKEN'; expected 'TOKEN', 'TOKEN' or 'TOKEN'",42,15391,0.272887
Goedel-8B,FATE-H,Tactic failure,invalid rewrite argument: expected an equality or iff proof or definition name,39,15391,0.253395
Goedel-8B,FATE-H,Type mismatch,invalid 'ID' notation: The expected type,39,15391,0.253395
Goedel-8B,FATE-H,Syntax error,unexpected token 'TOKEN'; expected 'TOKEN',35,15391,0.227406
Goedel-8B,FATE-H,Type mismatch,invalid argument: variable 'ID' is not a proposition or let-declaration,33,15391,0.214411
Goedel-8B,FATE-H,Type mismatch,"failed to prove index is valid, possible solutions:",31,15391,0.201416
Goedel-8B,FATE-H,Syntax error,unexpected token 'TOKEN'; expected 'TOKEN' or identifier,30,15391,0.194919
Goedel-8B,FATE-H,Resource exhaustion,maximum recursion depth has been reached,26,15391,0.168930
Goedel-8B,FATE-H,Tactic failure,"tactic 'ID' failed, 'ID' is not an inductive datatype",25,15391,0.162433
Goedel-8B,FATE-H,Syntax error,"unexpected token 'TOKEN'; expected 'TOKEN', 'TOKEN' or identifier",24,15391,0.155935
Goedel-8B,FATE-H,Missing instance,typeclass instance problem is stuck,23,15391,0.149438
Goedel-8B,FATE-H,Tactic failure,case tag 'ID' not found,23,15391,0.149438
Goedel-8B,FATE-H,Type mismatch,invalid dotted identifier notation: The expected type of 'ID' could not be determined,22,15391,0.142941
Goedel-8B,FATE-H,Tactic failure,"tactic 'ID' failed, could not unify the type of 'ID'",21,15391,0.136443
Goedel-8B,FATE-H,Type mismatch,invalid projection: index 'ID' is invalid for this structure,21,15391,0.136443
Goedel-8B,FATE-H,Tactic failure,"invalid simp theorem: Expected a proposition, but found",20,15391,0.129946
Goedel-8B,FATE-H,Unresolved name,"overloaded, errors",20,15391,0.129946
Goedel-8B,FATE-H,Type mismatch,fields missing: 'ID',17,15391,0.110454
Goedel-8B,FATE-H,Type mismatch,mod_cast has type,16,15391,0.103957
Goedel-8B,FATE-H,Type mismatch,"invalid field notation, function 'ID' does not have an argument with the required receiver type",13,15391,0.084465
Goedel-8B,FATE-H,Syntax error,expected token,12,15391,0.077968
Goedel-8B,FATE-H,Syntax error,unexpected token 'TOKEN'; expected term,11,15391,0.071470
Goedel-8B,FATE-H,Type mismatch,invalid 'ID' notation: The expected type of this term could not be determined,11,15391,0.071470
Goedel-8B,FATE-H,Type mismatch,invalid argument name 'ID' for function 'ID',10,15391,0.064973
Goedel-8B,FATE-H,Type mismatch,stuck at solving universe constraint,10,15391,0.064973
Goedel-8B,FATE-H,Tactic failure,"ring failed, ring expressions not equal",9,15391,0.058476
Goedel-8B,FATE-H,Type mismatch,invalid projection: Projection operates on structure-like types with fields. The expression,9,15391,0.058476
Goedel-8B,FATE-H,Type mismatch,"invalid projection: Projections cannot be used on functions, and",9,15391,0.058476
Goedel-8B,FATE-H,Tactic failure,"failed to prove strict positivity, but it would be possible to prove nonnegativity if desired",8,15391,0.051978
Goedel-8B,FATE-H,Tactic failure,"tactic 'ID' failed, 'TERM'",8,15391,0.051978
Goedel-8B,FATE-H,Type mismatch,invalid 'ID' notation: The expected type 'ID' is not an inductive type,8,15391,0.051978
Goedel-8B,FATE-H,Type mismatch,invalid field notation: Type of,8,15391,0.051978
Goedel-8B,FATE-H,Unresolved name,unknown universe level 'ID',8,15391,0.051978
Goedel-8B,FATE-H,Tactic failure,elaboration function for 'ID' has not been implemented,7,15391,0.045481
Goedel-8B,FATE-H,Tactic failure,no applicable extensionality theorem found for 'TYPE',7,15391,0.045481
Goedel-8B,FATE-H,Tactic failure,alternative 'ID' has not been provided,6,15391,0.038984
Goedel-8B,FATE-H,Tactic failure,expected 'ID' or indented tactic sequence,6,15391,0.038984
Goedel-8B,FATE-H,Syntax error,"unexpected identifier; expected 'TOKEN', 'TOKEN' or 'TOKEN'",5,15391,0.032487
Goedel-8B,FATE-H,Tactic failure,interval_cases failed: unsupported type 'TYPE',5,15391,0.032487
Goedel-8B,FATE-H,Termination failure,fail to show termination for,5,15391,0.032487
Goedel-8B,FATE-H,Type mismatch,cannot coerce,5,15391,0.032487
Goedel-8B,FATE-H,Syntax error,unexpected token 'TOKEN'; expected 'TOKEN' or tactic,4,15391,0.025989
Goedel-8B,FATE-H,Tactic failure,could not synthesize default value for field 'ID' of 'ID' using tactics,4,15391,0.025989
Goedel-8B,FATE-H,Tactic failure,invalid alternative name 'ID',4,15391,0.025989
Goedel-8B,FATE-H,Tactic failure,"tactic 'ID' failed, major premise type is not an inductive type",4,15391,0.025989
Goedel-8B,FATE-H,Type mismatch,invalid 'ID' notation: The expected type 'ID' has more than one constructor,4,15391,0.025989
Goedel-8B,FATE-H,Type mismatch,"invalid 'ID' step, left-hand side is",4,15391,0.025989
Goedel-8B,FATE-H,Type mismatch,"numerals are data in Lean, but the expected type is a proposition",4,15391,0.025989
Goedel-8B,FATE-H,Syntax error,unexpected token 'TOKEN',3,15391,0.019492
Goedel-8B,FATE-H,Syntax error,unexpected token 'TOKEN'; expected 'TOKEN' or 'TOKEN',3,15391,0.019492
Goedel-8B,FATE-H,Type mismatch,don't know how to synthesize implicit argument 'ID',3,15391,0.019492
Goedel-8B,FATE-H,Type mismatch,don't know how to synthesize placeholder for argument 'ID',3,15391,0.019492
Goedel-8B,FATE-H,Type mismatch,invalid projection: Type of,3,15391,0.019492
Goedel-8B,FATE-H,Missing instance,aesop: error in norm simp: failed to synthesize,2,15391,0.012995
Goedel-8B,FATE-H,Syntax error,unexpected end of input; expected 'TOKEN',2,15391,0.012995
Goedel-8B,FATE-H,Syntax error,unexpected identifier,2,15391,0.012995
Goedel-8B,FATE-H,Syntax error,"unexpected token 'TOKEN'; expected 'TOKEN', 'TOKEN', 'TOKEN' or 'TOKEN'",2,15391,0.012995
Goedel-8B,FATE-H,Tactic failure,aesop: exceeded maximum number of normalisation iterations (NUM). This means normalisation probably got stuck in an infinite loop.,2,15391,0.012995
Goedel-8B,FATE-H,Tactic failure,failed to rewrite using equation theorems for 'ID',2,15391,0.012995
Goedel-8B,FATE-H,Tactic failure,"tactic 'ID' failed, expected the goal to be a binary relation",2,15391,0.012995
Goedel-8B,FATE-H,Tactic failure,tactic 'ID' proved that the proposition,2,15391,0.012995
Goedel-8B,FATE-H,Type mismatch,"(↥) must have a function type, not",2,15391,0.012995
Goedel-8B,FATE-H,Type mismatch,expected type must not contain metavariables,2,15391,0.012995
Goedel-8B,FATE-H,Type mismatch,"invalid 'ID' step, right-hand side is",2,15391,0.012995
Goedel-8B,FATE-H,Type mismatch,type mismatch when assigning motive,2,15391,0.012995
Goedel-8B,FATE-H,Unresolved name,unknown free variable 'ID',2,15391,0.012995
Goedel-8B,FATE-H,Syntax error,unexpected end of input,1,15391,0.006497
Goedel-8B,FATE-H,Syntax error,unexpected identifier; expected 'TOKEN',1,15391,0.006497
Goedel-8B,FATE-H,Syntax error,"unexpected token 'TOKEN'; expected 'TOKEN', 'TOKEN' or structInstFieldDecl",1,15391,0.006497
Goedel-8B,FATE-H,Tactic failure,'ID' could not apply 'ID' to the main goal.,1,15391,0.006497
Goedel-8B,FATE-H,Tactic failure,"dependent elimination failed, failed to solve equation",1,15391,0.006497
Goedel-8B,FATE-H,Type mismatch,application type mismatch: The last,1,15391,0.006497
Goedel-8B,FATE-H,Type mismatch,failed to infer 'ID' declaration type,1,15391,0.006497
Goedel-8B,FATE-H,Type mismatch,failed to solve universe constraint,1,15391,0.006497
Goedel-8B,FATE-H,Type mismatch,"invalid pattern variable 'ID', must be atomic",1,15391,0.006497
Goedel-8B,FATE-H,Unresolved name,unknown tactic 'ID',1,15391,0.006497
Goedel-8B,FATE-M,Missing instance,failed to synthesize instance of type class,6738,24327,27.697620
Goedel-8B,FATE-M,Unsolved goals,unsolved goals,3095,24327,12.722489
Goedel-8B,FATE-M,Unresolved name,unknown constant 'ID',2838,24327,11.666050
Goedel-8B,FATE-M,Unresolved name,unknown identifier 'ID',2134,24327,8.772146
Goedel-8B,FATE-M,Type mismatch,type mismatch,1662,24327,6.831915
Goedel-8B,FATE-M,Tactic failure,tactic 'ID' made no progress,1246,24327,5.121881
Goedel-8B,FATE-M,Unresolved name,"invalid field 'ID', the environment does not contain 'ID'",1159,24327,4.764254
Goedel-8B,FATE-M,Type mismatch,application type mismatch: The argument,653,24327,2.684260
Goedel-8B,FATE-M,Tactic failure,no goals to be solved,569,24327,2.338965
Goedel-8B,FATE-M,Type mismatch,"type mismatch: After simplification, term",456,24327,1.874460
Goedel-8B,FATE-M,Tactic failure,"tactic 'ID' failed, nested error",402,24327,1.652485
Goedel-8B,FATE-M,Type mismatch,invalid field notation: Field projection operates on types of the form 'ID' where C is a constant. The expression,386,24327,1.586714
Goedel-8B,FATE-M,Tactic failure,"tactic 'ID' failed, did not find the pattern in the target expression",375,24327,1.541497
Goedel-8B,FATE-M,Tactic failure,omega could not prove the goal:,222,24327,0.912566
Goedel-8B,FATE-M,Tactic failure,"tactic 'ID' failed, insufficient number of binders",212,24327,0.871460
Goedel-8B,FATE-M,Syntax error,unexpected identifier; expected command,184,24327,0.756361
Goedel-8B,FATE-M,Type mismatch,function expected at 'ID',184,24327,0.756361
Goedel-8B,FATE-M,Tactic failure,"tactic 'ID' failed, could not unify the conclusion of 'ID'",166,24327,0.682369
Goedel-8B,FATE-M,Syntax error,unexpected token 'TOKEN'; expected 'TOKEN' or identifier,163,24327,0.670037
Goedel-8B,FATE-M,Type mismatch,insufficient number of fields for 'ID' constructor,127,24327,0.522054
Goedel-8B,FATE-M,Type mismatch,"invalid 'ID' step, left-hand side is",102,24327,0.419287
Goedel-8B,FATE-M,Tactic failure,linarith failed to find a contradiction,99,24327,0.406955
Goedel-8B,FATE-M,Tactic failure,invalid rewrite argument: expected an equality or iff proof or definition name,92,24327,0.378181
Goedel-8B,FATE-M,Syntax error,unexpected token 'TOKEN'; expected 'TOKEN',84,24327,0.345295
Goedel-8B,FATE-M,Type mismatch,"invalid projection: Projections cannot be used on functions, and",60,24327,0.246640
Goedel-8B,FATE-M,Type mismatch,invalid projection: Projection operates on structure-like types with fields. The expression,54,24327,0.221976
Goedel-8B,FATE-M,Missing instance,type class instance expected,47,24327,0.193201
Goedel-8B,FATE-M,Missing instance,typeclass instance problem is stuck,46,24327,0.189090
Goedel-8B,FATE-M,Syntax error,unexpected token 'TOKEN'; expected command,45,24327,0.184980
Goedel-8B,FATE-M,Tactic failure,tactic 'ID' failed,44,24327,0.180869
Goedel-8B,FATE-M,Tactic failure,"tactic 'ID' failed, 'ID' is not an inductive datatype",44,24327,0.180869
Goedel-8B,FATE-M,Missing instance,failed to synthesize,41,24327,0.168537
Goedel-8B,FATE-M,Tactic failure,"tactic 'ID' failed, could not unify the type of 'ID'",39,24327,0.160316
Goedel-8B,FATE-M,Type mismatch,invalid 'ID' notation: The expected type of this term could not be determined,35,24327,0.143873
Goedel-8B,FATE-M,Tactic failure,invalid 'ID' modifier: Cannot be applied to a rule that rewrites to 'ID',30,24327,0.123320
Goedel-8B,FATE-M,Tactic failure,"invalid simp theorem: Expected a proposition, but found",29,24327,0.119209
Goedel-8B,FATE-M,Tactic failure,"tactic 'ID' failed, 'TERM'",29,24327,0.119209
Goedel-8B,FATE-M,Type mismatch,invalid 'ID' notation: The expected type 'ID' is not an inductive type,28,24327,0.115098
Goedel-8B,FATE-M,Unresolved name,'ID' is not a field of structure 'ID',28,24327,0.115098
Goedel-8B,FATE-M,Unresolved name,"overloaded, errors",26,24327,0.106877
Goedel-8B,FATE-M,Type mismatch,invalid 'ID' notation: The expected type,23,24327,0.094545
Goedel-8B,FATE-M,Tactic failure,alternative 'ID' has not been provided,21,24327,0.086324
Goedel-8B,FATE-M,Resource exhaustion,maximum recursion depth has been reached,19,24327,0.078103
Goedel-8B,FATE-M,Type mismatch,invalid argument: variable 'ID' is not a proposition or let-declaration,18,24327,0.073992
Goedel-8B,FATE-M,Type mismatch,fields missing: 'ID',15,24327,0.061660
Goedel-8B,FATE-M,Tactic failure,invalid alternative name 'ID',13,24327,0.053439
Goedel-8B,FATE-M,Tactic failure,'ID' requires either an expected type or a value.,12,24327,0.049328
Goedel-8B,FATE-M,Tactic failure,expected 'ID' or indented tactic sequence,12,24327,0.049328
Goedel-8B,FATE-M,Type mismatch,"numerals are data in Lean, but the expected type is a proposition",11,24327,0.045217
Goedel-8B,FATE-M,Tactic failure,"tactic 'ID' failed, invalid equality proof, it is not of the form (x = t) or (t = x)",10,24327,0.041107
Goedel-8B,FATE-M,Termination failure,fail to show termination for,10,24327,0.041107
Goedel-8B,FATE-M,Syntax error,"unexpected token 'TOKEN'; expected 'TOKEN', 'TOKEN' or 'TOKEN'",9,24327,0.036996
Goedel-8B,FATE-M,Tactic failure,no applicable extensionality theorem found for 'TYPE',9,24327,0.036996
Goedel-8B,FATE-M,Tactic failure,"tactic 'ID' failed, no applicable constructor found",9,24327,0.036996
Goedel-8B,FATE-M,Tactic failure,"tactic 'ID' failed, the left-hand side does not match the right-hand side",8,24327,0.032885
Goedel-8B,FATE-M,Type mismatch,'ID' expression has type,8,24327,0.032885
Goedel-8B,FATE-M,Syntax error,unexpected syntax,7,24327,0.028775
Goedel-8B,FATE-M,Tactic failure,"failed to prove strict positivity, but it would be possible to prove nonnegativity if desired",7,24327,0.028775
Goedel-8B,FATE-M,Type mismatch,mod_cast has type,7,24327,0.028775
Goedel-8B,FATE-M,Type mismatch,invalid 'ID' notation: The expected type 'ID' has more than one constructor,6,24327,0.024664
Goedel-8B,FATE-M,Type mismatch,invalid projection: Projection operates on types of the form 'ID' where C is a constant. The expression,6,24327,0.024664
Goedel-8B,FATE-M,Unresolved name,unknown universe level 'ID',5,24327,0.020553
Goedel-8B,FATE-M,Syntax error,unexpected token 'TOKEN'; expected 'TOKEN' or tactic,4,24327,0.016443
Goedel-8B,FATE-M,Syntax error,unexpected token 'TOKEN'; expected term,4,24327,0.016443
Goedel-8B,FATE-M,Tactic failure,interval_cases failed: could not find upper bound on 'TERM',4,24327,0.016443
Goedel-8B,FATE-M,Tactic failure,"tactic 'ID' failed, major premise type is not an inductive type",4,24327,0.016443
Goedel-8B,FATE-M,Type mismatch,a placeholder 'ID' cannot be used where a function is expected,4,24327,0.016443
Goedel-8B,FATE-M,Type mismatch,"failed to prove index is valid, possible solutions:",4,24327,0.016443
Goedel-8B,FATE-M,Type mismatch,invalid projection: Cannot project a value of non-propositional type,4,24327,0.016443
Goedel-8B,FATE-M,Syntax error,unexpected end of input; expected 'TOKEN',3,24327,0.012332
Goedel-8B,FATE-M,Syntax error,"unexpected identifier; expected 'TOKEN', 'TOKEN' or 'TOKEN'",3,24327,0.012332
Goedel-8B,FATE-M,Syntax error,unexpected token 'TOKEN'; expected identifier,3,24327,0.012332
Goedel-8B,FATE-M,Tactic failure,aesop: internal error: extracted proof has metavariables.,3,24327,0.012332
Goedel-8B,FATE-M,Tactic failure,elaboration function for 'ID' has not been implemented,3,24327,0.012332
Goedel-8B,FATE-M,Tactic failure,not a positivity goal,3,24327,0.012332
Goedel-8B,FATE-M,Tactic failure,"tactic 'ID' failed, motive is not type correct",3,24327,0.012332
Goedel-8B,FATE-M,Type mismatch,"invalid 'ID' step, right-hand side is",3,24327,0.012332
Goedel-8B,FATE-M,Type mismatch,invalid argument name 'ID' for function 'ID',3,24327,0.012332
Goedel-8B,FATE-M,Type mismatch,"invalid field notation, function 'ID' does not have an argument with the required receiver type",3,24327,0.012332
Goedel-8B,FATE-M,Type mismatch,invalid field notation: Type of,3,24327,0.012332
Goedel-8B,FATE-M,Type mismatch,invalid projection: Type of,3,24327,0.012332
Goedel-8B,FATE-M,Unresolved name,ambiguous term,3,24327,0.012332
Goedel-8B,FATE-M,Missing instance,aesop: error in norm simp: failed to synthesize,2,24327,0.008221
Goedel-8B,FATE-M,Missing instance,"invalid 'TYPE' step, failed to synthesize 'TYPE' instance",2,24327,0.008221
Goedel-8B,FATE-M,Syntax error,expected token,2,24327,0.008221
Goedel-8B,FATE-M,Syntax error,unexpected identifier; expected 'TOKEN',2,24327,0.008221
Goedel-8B,FATE-M,Tactic failure,aesop: exceeded maximum number of normalisation iterations (NUM). This means normalisation probably got stuck in an infinite loop.,2,24327,0.008221
Goedel-8B,FATE-M,Tactic failure,could not synthesize default value for parameter 'ID' using tactics,2,24327,0.008221
Goedel-8B,FATE-M,Tactic failure,"dependent elimination failed, failed to solve equation",2,24327,0.008221
Goedel-8B,FATE-M,Tactic failure,failed to rewrite using equation theorems for 'ID',2,24327,0.008221
Goedel-8B,FATE-M,Tactic failure,tactic 'ID' proved that the proposition,2,24327,0.008221
Goedel-8B,FATE-M,Type mismatch,don't know how to synthesize implicit argument 'ID',2,24327,0.008221
Goedel-8B,FATE-M,Type mismatch,don't know how to synthesize placeholder for argument 'ID',2,24327,0.008221
Goedel-8B,FATE-M,Type mismatch,failed to find 'ID' as the type of a parameter of 'ID',2,24327,0.008221
Goedel-8B,FATE-M,Type mismatch,"type expected, got",2,24327,0.008221
Goedel-8B,FATE-M,Unresolved name,unknown tactic 'ID',2,24327,0.008221
Goedel-8B,FATE-M,Syntax error,expected checkColGt,1,24327,0.004111
Goedel-8B,FATE-M,Syntax error,missing end of character literal,1,24327,0.004111
Goedel-8B,FATE-M,Syntax error,unexpected token 'TOKEN'; expected 'TOKEN' or structInstFieldDecl,1,24327,0.004111
Goedel-8B,FATE-M,Syntax error,"unexpected token 'TOKEN'; expected 'TOKEN', 'TOKEN', 'TOKEN' or 'TOKEN'",1,24327,0.004111
Goedel-8B,FATE-M,Tactic failure,case tag 'ID' not found,1,24327,0.004111
Goedel-8B,FATE-M,Tactic failure,not enough tactics,1,24327,0.004111
Goedel-8B,FATE-M,Tactic failure,"tactic 'ID' failed, result is not type correct",1,24327,0.004111
Goedel-8B,FATE-M,Type mismatch,"expected resulting type of eliminator to be an application of one of its parameters (the motive), but found",1,24327,0.004111
Goedel-8B,FATE-M,Type mismatch,failed to infer 'ID' declaration type,1,24327,0.004111
Goedel-8B,FATE-M,Type mismatch,"invalid pattern variable 'ID', must be atomic",1,24327,0.004111
Goedel-8B,FATE-M,Type mismatch,invalid pattern: constructor or constant marked with 'ID' expected,1,24327,0.004111
Goedel-8B,FATE-M,Type mismatch,invalid projection: index 'ID' is invalid for this structure,1,24327,0.004111
Goedel-8B,FATE-M,Type mismatch,"invalid {...} notation, expected type is not known",1,24327,0.004111
Goedel-8B,FATE-M,Type mismatch,stuck at solving universe constraint,1,24327,0.004111
Goedel-8B,ProofNet,Unsolved goals,unsolved goals,4931,27703,17.799516
Goedel-8B,ProofNet,Missing instance,failed to synthesize,3584,27703,12.937227
Goedel-8B,ProofNet,Unresolved name,unknown identifier 'ID',2742,27703,9.897845
Goedel-8B,ProofNet,Type mismatch,type mismatch,2283,27703,8.240985
Goedel-8B,ProofNet,Type mismatch,application type mismatch,1961,27703,7.078656
Goedel-8B,ProofNet,Unresolved name,unknown constant 'ID',1817,27703,6.558856
Goedel-8B,ProofNet,Unresolved name,"invalid field 'ID', the environment does not contain 'ID'",1747,27703,6.306176
Goedel-8B,ProofNet,Tactic failure,tactic 'ID' made no progress,1101,27703,3.974299
Goedel-8B,ProofNet,Tactic failure,linarith failed to find a contradiction,802,27703,2.894993
Goedel-8B,ProofNet,Tactic failure,omega could not prove the goal:,625,27703,2.256073
Goedel-8B,ProofNet,Syntax error,expected token,567,27703,2.046710
Goedel-8B,ProofNet,Tactic failure,"tactic 'ID' failed, did not find the pattern in the target expression",504,27703,1.819298
Goedel-8B,ProofNet,Type mismatch,"invalid field notation, type is not of the form (C ...) where C is a constant",481,27703,1.736274
Goedel-8B,ProofNet,Syntax error,unexpected identifier; expected command,464,27703,1.674909
Goedel-8B,ProofNet,Type mismatch,function expected at 'ID',418,27703,1.508862
Goedel-8B,ProofNet,Tactic failure,"tactic 'ID' failed, equality or iff proof expected",371,27703,1.339205
Goedel-8B,ProofNet,Unresolved name,"overloaded, errors",326,27703,1.176768
Goedel-8B,ProofNet,Syntax error,unexpected token 'TOKEN'; expected command,314,27703,1.133451
Goedel-8B,ProofNet,Tactic failure,"tactic 'ID' failed, nested error",245,27703,0.884381
Goedel-8B,ProofNet,Tactic failure,"tactic 'ID' failed, failed to unify",240,27703,0.866332
Goedel-8B,ProofNet,Unresolved name,"ambiguous, possible interpretations",237,27703,0.855503
Goedel-8B,ProofNet,Tactic failure,no goals to be solved,196,27703,0.707505
Goedel-8B,ProofNet,Tactic failure,"tactic 'ID' failed, insufficient number of binders",188,27703,0.678627
Goedel-8B,ProofNet,Type mismatch,"invalid constructor ⟨...⟩, expected type must be an inductive type",184,27703,0.664188
Goedel-8B,ProofNet,Syntax error,unexpected token 'TOKEN'; expected 'TOKEN' or identifier,130,27703,0.469263
Goedel-8B,ProofNet,Tactic failure,tactic 'ID' failed,128,27703,0.462044
Goedel-8B,ProofNet,Type mismatch,"invalid constructor ⟨...⟩, insufficient number of arguments for 'ID'",121,27703,0.436776
Goedel-8B,ProofNet,Tactic failure,rcases tactic failed: 'ID' is not an inductive datatype,92,27703,0.332094
Goedel-8B,ProofNet,Type mismatch,invalid argument: variable 'ID' is not a proposition or let-declaration,77,27703,0.277948
Goedel-8B,ProofNet,Tactic failure,tauto failed to solve some goals.,68,27703,0.245461
Goedel-8B,ProofNet,Syntax error,unexpected token 'TOKEN'; expected 'TOKEN',55,27703,0.198534
Goedel-8B,ProofNet,Tactic failure,"aesop: error in norm simp: tactic 'ID' failed, nested error",51,27703,0.184096
Goedel-8B,ProofNet,Missing instance,"typeclass instance problem is stuck, it is often due to metavariables",45,27703,0.162437
Goedel-8B,ProofNet,Tactic failure,"tactic 'ID' failed, possible reasons",43,27703,0.155218
Goedel-8B,ProofNet,Missing instance,type class instance expected,40,27703,0.144389
Goedel-8B,ProofNet,Tactic failure,"tactic 'ID' failed, motive is not type correct",30,27703,0.108292
Goedel-8B,ProofNet,Type mismatch,"type expected, got",25,27703,0.090243
Goedel-8B,ProofNet,Tactic failure,tactic 'ID' proved that the proposition,20,27703,0.072194
Goedel-8B,ProofNet,Type mismatch,"invalid projection, structure expected",20,27703,0.072194
Goedel-8B,ProofNet,Tactic failure,interval_cases failed: unsupported type 'TYPE',19,27703,0.068585
Goedel-8B,ProofNet,Tactic failure,"tactic 'ID' failed, major premise type is not an inductive type",19,27703,0.068585
Goedel-8B,ProofNet,Tactic failure,tactic 'ID' failed for proposition,18,27703,0.064975
Goedel-8B,ProofNet,Type mismatch,"numerals are data in Lean, but the expected type is a proposition",18,27703,0.064975
Goedel-8B,ProofNet,Tactic failure,"failed to prove strict positivity, but it would be possible to prove nonnegativity if desired",17,27703,0.061365
Goedel-8B,ProofNet,Type mismatch,mod_cast has type,17,27703,0.061365
Goedel-8B,ProofNet,Resource exhaustion,maximum recursion depth has been reached,16,27703,0.057755
Goedel-8B,ProofNet,Tactic failure,expected 'ID' or indented tactic sequence,15,27703,0.054146
Goedel-8B,ProofNet,Unresolved name,"ambiguous term, use fully qualified name, possible interpretations ['ID']",15,27703,0.054146
Goedel-8B,ProofNet,Tactic failure,"invalid 'ID', proposition expected",13,27703,0.046926
Goedel-8B,ProofNet,Type mismatch,"invalid field notation, function 'ID' does not have an argument with the required receiver type",12,27703,0.043317
Goedel-8B,ProofNet,Syntax error,"unexpected token 'TOKEN'; expected 'TOKEN', 'TOKEN' or 'TOKEN'",11,27703,0.039707
Goedel-8B,ProofNet,Tactic failure,"tactic 'ID' failed, no applicable constructor found",11,27703,0.039707
Goedel-8B,ProofNet,Tactic failure,alternative 'ID' has not been provided,10,27703,0.036097
Goedel-8B,ProofNet,Missing instance,"invalid 'TYPE' step, failed to synthesize 'TYPE' instance",9,27703,0.032487
Goedel-8B,ProofNet,Tactic failure,"'ID' tactic failed, has type",9,27703,0.032487
Goedel-8B,ProofNet,Tactic failure,failed to prove positivity/nonnegativity/nonzeroness,9,27703,0.032487
Goedel-8B,ProofNet,Tactic failure,"tactic 'ID' failed, 'ID' is not an inductive datatype",9,27703,0.032487
Goedel-8B,ProofNet,Type mismatch,expected type must not contain free or meta variables,9,27703,0.032487
Goedel-8B,ProofNet,Type mismatch,invalid argument name 'ID' for function 'ID',9,27703,0.032487
Goedel-8B,ProofNet,Unresolved name,'ID' is not a field of structure 'ID',9,27703,0.032487
Goedel-8B,ProofNet,Tactic failure,rcases tactic failed: 'TERM',8,27703,0.028878
Goedel-8B,ProofNet,Type mismatch,stuck at solving universe constraint,8,27703,0.028878
Goedel-8B,ProofNet,Tactic failure,"tactic 'ID' failed, invalid equality proof, it is not of the form (x = t) or (t = x)",7,27703,0.025268
Goedel-8B,ProofNet,Type mismatch,don't know how to synthesize implicit argument 'ID',7,27703,0.025268
Goedel-8B,ProofNet,Missing instance,aesop: error in norm simp: failed to synthesize,6,27703,0.021658
Goedel-8B,ProofNet,Syntax error,unexpected token 'TOKEN'; expected term,6,27703,0.021658
Goedel-8B,ProofNet,Tactic failure,"tactic 'ID' failed, result is not type correct",6,27703,0.021658
Goedel-8B,ProofNet,Syntax error,unexpected identifier; expected 'TOKEN',5,27703,0.018049
Goedel-8B,ProofNet,Syntax error,unexpected token 'TOKEN'; expected 'TOKEN' or 'TOKEN',5,27703,0.018049
Goedel-8B,ProofNet,Tactic failure,"extensionality tactic only applies to equalities, not 'TYPE'",5,27703,0.018049
Goedel-8B,ProofNet,Tactic failure,"tactic 'ID' failed, no if-then-else conditions to split",5,27703,0.018049
Goedel-8B,ProofNet,Type mismatch,failed to infer 'ID' declaration type,5,27703,0.018049
Goedel-8B,ProofNet,Type mismatch,"invalid constructor ⟨...⟩, expected type must be an inductive type with only one constructor",5,27703,0.018049
Goedel-8B,ProofNet,Syntax error,unexpected end of input; expected 'TOKEN',4,27703,0.014439
Goedel-8B,ProofNet,Tactic failure,case tag 'ID' not found,4,27703,0.014439
Goedel-8B,ProofNet,Tactic failure,"tactic 'ID' failed, did not find equation for eliminating 'ID'",4,27703,0.014439
Goedel-8B,ProofNet,Type mismatch,"invalid 'ID' step, left-hand side is",4,27703,0.014439
Goedel-8B,ProofNet,Type mismatch,type mismatch when assigning motive,4,27703,0.014439
Goedel-8B,ProofNet,Syntax error,unexpected token 'TOKEN'; expected 'TOKEN' or tactic,3,27703,0.010829
Goedel-8B,ProofNet,Type mismatch,"failed to elaborate eliminator, expected type is not available",3,27703,0.010829
Goedel-8B,ProofNet,Type mismatch,"invalid constructor ⟨...⟩, expected type must be known",3,27703,0.010829
Goedel-8B,ProofNet,Missing instance,choose!: failed to synthesize any nonempty instances 'TYPE',2,27703,0.007219
Goedel-8B,ProofNet,Syntax error,"unexpected identifier; expected 'TOKEN', 'TOKEN' or 'TOKEN'",2,27703,0.007219
Goedel-8B,ProofNet,Tactic failure,aesop: internal error: extracted proof has metavariables.,2,27703,0.007219
Goedel-8B,ProofNet,Tactic failure,failed to rewrite using equation theorems for 'ID',2,27703,0.007219
Goedel-8B,ProofNet,Tactic failure,interval_cases failed: could not find lower bound on 'TERM',2,27703,0.007219
Goedel-8B,ProofNet,Tactic failure,invalid alternative name 'ID',2,27703,0.007219
Goedel-8B,ProofNet,Tactic failure,no applicable extensionality theorem found for 'TYPE',2,27703,0.007219
Goedel-8B,ProofNet,Tactic failure,not a positivity goal,2,27703,0.007219
Goedel-8B,ProofNet,Tactic failure,"tactic 'ID' failed, 'TERM'",2,27703,0.007219
Goedel-8B,ProofNet,Tactic failure,"tactic 'ID' failed, failed to prove the goal",2,27703,0.007219
Goedel-8B,ProofNet,Tactic failure,too many arguments supplied to 'ID',2,27703,0.007219
Goedel-8B,ProofNet,Termination failure,fail to show termination for,2,27703,0.007219
Goedel-8B,ProofNet,Type mismatch,"invalid 'ID' notation, expected result type of cast is",2,27703,0.007219
Goedel-8B,ProofNet,Type mismatch,"invalid 'ID' notation, the equality",2,27703,0.007219
Goedel-8B,ProofNet,Type mismatch,"invalid projection, structure has only NUM field(s)",2,27703,0.007219
Goedel-8B,ProofNet,Type mismatch,unknown metavariable 'ID',2,27703,0.007219
Goedel-8B,ProofNet,Unresolved name,unknown universe level 'ID',2,27703,0.007219
Goedel-8B,ProofNet,Syntax error,expected no space before,1,27703,0.003610
Goedel-8B,ProofNet,Syntax error,missing end of character literal,1,27703,0.003610
Goedel-8B,ProofNet,Syntax error,"unexpected token 'TOKEN'; expected 'TOKEN', 'TOKEN'",1,27703,0.003610
Goedel-8B,ProofNet,Syntax error,"unexpected token 'TOKEN'; expected 'TOKEN', 'TOKEN', 'TOKEN', 'TOKEN', 'TOKEN' or identifier",1,27703,0.003610
Goedel-8B,ProofNet,Syntax error,unexpected type ascription,1,27703,0.003610
Goedel-8B,ProofNet,Tactic failure,"failed to prove nonnegativity, but it would be possible to prove nonzeroness if desired",1,27703,0.003610
Goedel-8B,ProofNet,Tactic failure,"failed to prove strict positivity, but it would be possible to prove nonzeroness if desired",1,27703,0.003610
Goedel-8B,ProofNet,Tactic failure,gcongr did not make progress,1,27703,0.003610
Goedel-8B,ProofNet,Tactic failure,"tactic 'ID' failed, pattern is a metavariable",1,27703,0.003610
Goedel-8B,ProofNet,Tactic failure,"tactic failed, resulting expression contains metavariables",1,27703,0.003610
Goedel-8B,ProofNet,Tactic failure,unused alternative 'ID',1,27703,0.003610
Goedel-8B,ProofNet,Type mismatch,failed to create binder due to failure when reverting variable dependencies,1,27703,0.003610
Goedel-8B,ProofNet,Type mismatch,failed to solve universe constraint,1,27703,0.003610
Goedel-8B,ProofNet,Type mismatch,"invalid occurrence of universe level 'ID' at 'ID', it does not occur at the declaration type, nor it is explicit universe level provided by the user, occurring at expression",1,27703,0.003610
Goedel-8B,ProofNet,Type mismatch,"invalid pattern variable 'ID', must be atomic",1,27703,0.003610
Goedel-8B,Putnam,Resource exhaustion,"(deterministic) timeout at 'ID', maximum number of heartbeats (NUM) has been reached",22420,106831,20.986418
Goedel-8B,Putnam,Unsolved goals,unsolved goals,21310,106831,19.947394
Goedel-8B,Putnam,Missing instance,failed to synthesize,7648,106831,7.158971
Goedel-8B,Putnam,Unresolved name,unknown identifier 'ID',7626,106831,7.138377
Goedel-8B,Putnam,Tactic failure,linarith failed to find a contradiction,7193,106831,6.733064
Goedel-8B,Putnam,Type mismatch,type mismatch,5994,106831,5.610731
Goedel-8B,Putnam,Type mismatch,application type mismatch,3848,106831,3.601951
Goedel-8B,Putnam,Tactic failure,tactic 'ID' made no progress,3132,106831,2.931733
Goedel-8B,Putnam,Unresolved name,unknown constant 'ID',3048,106831,2.853104
Goedel-8B,Putnam,Tactic failure,omega could not prove the goal:,2993,106831,2.801621
Goedel-8B,Putnam,Tactic failure,"tactic 'ID' failed, nested error",2928,106831,2.740777
Goedel-8B,Putnam,Resource exhaustion,"resource exhausted (error code: NUM, cannot allocate memory)",2799,106831,2.620026
Goedel-8B,Putnam,Type mismatch,"invalid field notation, type is not of the form (C ...) where C is a constant",1836,106831,1.718602
Goedel-8B,Putnam,Syntax error,unexpected identifier; expected command,1621,106831,1.517350
Goedel-8B,Putnam,Tactic failure,"tactic 'ID' failed, did not find the pattern in the target expression",1612,106831,1.508925
Goedel-8B,Putnam,Unresolved name,"invalid field 'ID', the environment does not contain 'ID'",1177,106831,1.101740
Goedel-8B,Putnam,Type mismatch,"invalid projection, structure expected",950,106831,0.889255
Goedel-8B,Putnam,Tactic failure,"tactic 'ID' failed, failed to unify",938,106831,0.878022
Goedel-8B,Putnam,Type mismatch,function expected at 'ID',699,106831,0.654304
Goedel-8B,Putnam,Tactic failure,"tactic 'ID' failed, equality or iff proof expected",622,106831,0.582228
Goedel-8B,Putnam,Type mismatch,"invalid constructor ⟨...⟩, expected type must be an inductive type",552,106831,0.516704
Goedel-8B,Putnam,Tactic failure,"tactic 'ID' failed, possible reasons",523,106831,0.489558
Goedel-8B,Putnam,Tactic failure,"tactic 'ID' failed, insufficient number of binders",507,106831,0.474581
Goedel-8B,Putnam,Tactic failure,no goals to be solved,382,106831,0.357574
Goedel-8B,Putnam,Syntax error,unexpected token 'TOKEN'; expected 'TOKEN',299,106831,0.279881
Goedel-8B,Putnam,Syntax error,unexpected token 'TOKEN'; expected command,290,106831,0.271457
Goedel-8B,Putnam,Tactic failure,tactic 'ID' failed,282,106831,0.263968
Goedel-8B,Putnam,Unresolved name,"overloaded, errors",263,106831,0.246183
Goedel-8B,Putnam,Tactic failure,tauto failed to solve some goals.,250,106831,0.234014
Goedel-8B,Putnam,Type mismatch,"invalid constructor ⟨...⟩, expected type must be an inductive type with only one constructor",159,106831,0.148833
Goedel-8B,Putnam,Tactic failure,"aesop: error in norm simp: tactic 'ID' failed, nested error",147,106831,0.137601
Goedel-8B,Putnam,Resource exhaustion,maximum recursion depth has been reached,143,106831,0.133856
Goedel-8B,Putnam,Type mismatch,invalid argument: variable 'ID' is not a proposition or let-declaration,142,106831,0.132920
Goedel-8B,Putnam,Type mismatch,mod_cast has type,139,106831,0.130112
Goedel-8B,Putnam,Tactic failure,rcases tactic failed: 'ID' is not an inductive datatype,133,106831,0.124496
Goedel-8B,Putnam,Type mismatch,"numerals are data in Lean, but the expected type is a proposition",125,106831,0.117007
Goedel-8B,Putnam,Syntax error,"unexpected token 'TOKEN'; expected 'TOKEN', 'TOKEN' or 'TOKEN'",100,106831,0.093606
Goedel-8B,Putnam,Missing instance,"typeclass instance problem is stuck, it is often due to metavariables",98,106831,0.091734
Goedel-8B,Putnam,Type mismatch,"invalid field notation, function 'ID' does not have an argument with the required receiver type",96,106831,0.089862
Goedel-8B,Putnam,Tactic failure,tactic 'ID' failed for proposition,93,106831,0.087053
Goedel-8B,Putnam,Tactic failure,couldn't rearrange comparison 'TERM',87,106831,0.081437
Goedel-8B,Putnam,Type mismatch,unexpected bound variable #NUM,83,106831,0.077693
Goedel-8B,Putnam,Type mismatch,"type expected, got",75,106831,0.070204
Goedel-8B,Putnam,Type mismatch,stuck at solving universe constraint,67,106831,0.062716
Goedel-8B,Putnam,Syntax error,expected token,63,106831,0.058972
Goedel-8B,Putnam,Tactic failure,"tactic 'ID' failed, 'ID' is not an inductive datatype",62,106831,0.058036
Goedel-8B,Putnam,Tactic failure,"failed to prove strict positivity, but it would be possible to prove nonnegativity if desired",59,106831,0.055227
Goedel-8B,Putnam,Tactic failure,not a positivity goal,58,106831,0.054291
Goedel-8B,Putnam,Tactic failure,failed to prove positivity/nonnegativity/nonzeroness,56,106831,0.052419
Goedel-8B,Putnam,Tactic failure,expected 'ID' or indented tactic sequence,54,106831,0.050547
Goedel-8B,Putnam,Unresolved name,"ambiguous, possible interpretations",53,106831,0.049611
Goedel-8B,Putnam,Tactic failure,"tactic 'ID' failed, invalid equality proof, it is not of the form (x = t) or (t = x)",46,106831,0.043059
Goedel-8B,Putnam,Tactic failure,"tactic 'ID' failed, major premise type is not an inductive type",44,106831,0.041187
Goedel-8B,Putnam,Tactic failure,"tactic 'ID' failed, motive is not type correct",44,106831,0.041187
Goedel-8B,Putnam,Type mismatch,"invalid projection, the expression",43,106831,0.040250
Goedel-8B,Putnam,Tactic failure,"ring failed, ring expressions not equal",40,106831,0.037442
Goedel-8B,Putnam,Tactic failure,no applicable extensionality theorem found for 'TYPE',36,106831,0.033698
Goedel-8B,Putnam,Syntax error,unexpected token 'TOKEN'; expected term,35,106831,0.032762
Goedel-8B,Putnam,Tactic failure,tactic 'ID' proved that the proposition,34,106831,0.031826
Goedel-8B,Putnam,Type mismatch,"invalid constructor ⟨...⟩, insufficient number of arguments for 'ID'",34,106831,0.031826
Goedel-8B,Putnam,Tactic failure,"'ID' tactic failed, has type",32,106831,0.029954
Goedel-8B,Putnam,Type mismatch,expected type must not contain free or meta variables,32,106831,0.029954
Goedel-8B,Putnam,Type mismatch,"invalid constructor ⟨...⟩, expected type must be known",31,106831,0.029018
Goedel-8B,Putnam,Type mismatch,"invalid 'ID' step, left-hand side is",21,106831,0.019657
Goedel-8B,Putnam,Missing instance,"invalid 'TYPE' step, failed to synthesize 'TYPE' instance",19,106831,0.017785
Goedel-8B,Putnam,Syntax error,unexpected token 'TOKEN'; expected identifier,19,106831,0.017785
Goedel-8B,Putnam,Syntax error,"unexpected identifier; expected 'TOKEN', 'TOKEN', 'TOKEN', 'TOKEN', 'TOKEN', 'TOKEN', 'TOKEN', 'TOKEN', 'TOKEN', 'TOKEN', 'TOKEN', 'TOKEN', 'TOKEN', 'TOKEN', 'TOKEN' or 'TOKEN'",18,106831,0.016849
Goedel-8B,Putnam,Tactic failure,alternative 'ID' has not been provided,18,106831,0.016849
Goedel-8B,Putnam,Tactic failure,rcases tactic failed: 'TERM',18,106831,0.016849
Goedel-8B,Putnam,Tactic failure,too many arguments supplied to 'ID',18,106831,0.016849
Goedel-8B,Putnam,Syntax error,unexpected identifier; expected 'TOKEN',15,106831,0.014041
Goedel-8B,Putnam,Tactic failure,interval_cases failed: could not find upper bound on 'TERM',15,106831,0.014041
Goedel-8B,Putnam,Tactic failure,"tactic 'ID' failed, failed to prove the goal",15,106831,0.014041
Goedel-8B,Putnam,Syntax error,unexpected type ascription,14,106831,0.013105
Goedel-8B,Putnam,Tactic failure,index in target's type is not a variable (consider using the 'ID' tactic instead),14,106831,0.013105
Goedel-8B,Putnam,Tactic failure,invalid alternative name 'ID',13,106831,0.012169
Goedel-8B,Putnam,Tactic failure,"tactic 'ID' failed, no if-then-else conditions to split",13,106831,0.012169
Goedel-8B,Putnam,Tactic failure,"tactic 'ID' failed, pattern is a metavariable",13,106831,0.012169
Goedel-8B,Putnam,Syntax error,unexpected token 'TOKEN'; expected 'TOKEN' or 'TOKEN',12,106831,0.011233
Goedel-8B,Putnam,Missing instance,type class instance expected,11,106831,0.010297
Goedel-8B,Putnam,Syntax error,unexpected token 'TOKEN'; expected 'TOKEN' or identifier,11,106831,0.010297
Goedel-8B,Putnam,Syntax error,unexpected token 'TOKEN'; expected 'TOKEN' or tactic,11,106831,0.010297
Goedel-8B,Putnam,Type mismatch,don't know how to synthesize implicit argument 'ID',11,106831,0.010297
Goedel-8B,Putnam,Syntax error,unexpected syntax,10,106831,0.009361
Goedel-8B,Putnam,Tactic failure,failed to rewrite using equation theorems for 'ID',10,106831,0.009361
Goedel-8B,Putnam,Tactic failure,"tactic 'ID' failed, no applicable constructor found",10,106831,0.009361
Goedel-8B,Putnam,Type mismatch,unexpected relation type,10,106831,0.009361
Goedel-8B,Putnam,Unresolved name,"ambiguous term, use fully qualified name, possible interpretations ['ID']",10,106831,0.009361
Goedel-8B,Putnam,Tactic failure,"extensionality tactic only applies to equalities, not 'TYPE'",9,106831,0.008425
Goedel-8B,Putnam,Tactic failure,"failed to prove strict positivity, but it would be possible to prove nonzeroness if desired",9,106831,0.008425
Goedel-8B,Putnam,Tactic failure,"invalid 'ID', proposition expected",9,106831,0.008425
Goedel-8B,Putnam,Syntax error,"unexpected identifier; expected 'TOKEN', 'TOKEN' or 'TOKEN'",7,106831,0.006552
Goedel-8B,Putnam,Syntax error,"unexpected token 'TOKEN'; expected 'TOKEN', 'TOKEN', 'TOKEN', 'TOKEN' or term",7,106831,0.006552
Goedel-8B,Putnam,Tactic failure,interval_cases failed: unsupported type 'TYPE',7,106831,0.006552
Goedel-8B,Putnam,Type mismatch,"invalid occurrence of universe level 'ID' at 'ID', it does not occur at the declaration type, nor it is explicit universe level provided by the user, occurring at expression",7,106831,0.006552
Goedel-8B,Putnam,Resource exhaustion,(kernel) deterministic timeout,6,106831,0.005616
Goedel-8B,Putnam,Tactic failure,aesop: internal error: extracted proof has metavariables.,6,106831,0.005616
Goedel-8B,Putnam,Tactic failure,case tag 'ID' not found,6,106831,0.005616
Goedel-8B,Putnam,Syntax error,unexpected end of input; expected 'TOKEN',5,106831,0.004680
Goedel-8B,Putnam,Tactic failure,interval_cases failed: could not find lower bound on 'TERM',5,106831,0.004680
Goedel-8B,Putnam,Tactic failure,"tactic 'ID' failed, did not find equation for eliminating 'ID'",5,106831,0.004680
Goedel-8B,Putnam,Type mismatch,invalid argument name 'ID' for function 'ID',5,106831,0.004680
Goedel-8B,Putnam,Type mismatch,"invalid field notation, identifier or numeral expected",5,106831,0.004680
Goedel-8B,Putnam,Type mismatch,invalid pattern: constructor or constant marked with 'ID' expected,5,106831,0.004680
Goedel-8B,Putnam,Syntax error,"unexpected token 'TOKEN'; expected 'TOKEN', 'TOKEN', 'TOKEN' or 'TOKEN'",4,106831,0.003744
Goedel-8B,Putnam,Tactic failure,aesop: exceeded maximum number of normalisation iterations (NUM). This means normalisation probably got stuck in an infinite loop.,4,106831,0.003744
Goedel-8B,Putnam,Tactic failure,"tactic failed, resulting expression contains metavariables",4,106831,0.003744
Goedel-8B,Putnam,Termination failure,fail to show termination for,4,106831,0.003744
Goedel-8B,Putnam,Type mismatch,failed to infer 'ID' declaration type,4,106831,0.003744
Goedel-8B,Putnam,Type mismatch,failed to infer binder type,4,106831,0.003744
Goedel-8B,Putnam,Unresolved name,unknown universe level 'ID',4,106831,0.003744
Goedel-8B,Putnam,Syntax error,unexpected end of input,3,106831,0.002808
Goedel-8B,Putnam,Tactic failure,'ID' requires a term of the form 'ID' where 'ID' appears in the local context,3,106831,0.002808
Goedel-8B,Putnam,Tactic failure,target (or one of its indices) occurs more than once,3,106831,0.002808
Goedel-8B,Putnam,Tactic failure,unexpected term 'ID'; expected single reference to variable,3,106831,0.002808
Goedel-8B,Putnam,Type mismatch,don't know how to synthesize placeholder for argument 'ID',3,106831,0.002808
Goedel-8B,Putnam,Type mismatch,type mismatch when assigning motive,3,106831,0.002808
Goedel-8B,Putnam,Syntax error,expected interpolated string,2,106831,0.001872
Goedel-8B,Putnam,Syntax error,expected no space before,2,106831,0.001872
Goedel-8B,Putnam,Syntax error,"unexpected token 'TOKEN'; expected 'TOKEN', 'TOKEN', 'TOKEN' or tactic",2,106831,0.001872
Goedel-8B,Putnam,Tactic failure,"aesop: error in norm simp: simp failed, maximum number of steps exceeded",2,106831,0.001872
Goedel-8B,Putnam,Tactic failure,aesop: error while running norm rule norm|constructors|global|ULift: rule produced more than one subgoal.,2,106831,0.001872
Goedel-8B,Putnam,Tactic failure,argument passed to linarith has metavariables:,2,106831,0.001872
Goedel-8B,Putnam,Tactic failure,argument passed to nlinarith has metavariables:,2,106831,0.001872
Goedel-8B,Putnam,Tactic failure,"dependent elimination failed, failed to solve equation",2,106831,0.001872
Goedel-8B,Putnam,Tactic failure,gcongr did not make progress,2,106831,0.001872
Goedel-8B,Putnam,Tactic failure,"tactic 'ID' failed, requires an inductive type with NUM constructors",2,106831,0.001872
Goedel-8B,Putnam,Tactic failure,"tactic 'ID' failed, result is not type correct",2,106831,0.001872
Goedel-8B,Putnam,Type mismatch,the 'ID' notation should not be used with more than one binder.,2,106831,0.001872
Goedel-8B,Putnam,Unresolved name,'ID' has already been declared,2,106831,0.001872
Goedel-8B,Putnam,Unresolved name,unknown tactic 'ID',2,106831,0.001872
Goedel-8B,Putnam,Missing instance,aesop: error in norm simp: failed to synthesize,1,106831,0.000936
Goedel-8B,Putnam,Syntax error,expected 'TOKEN' or line break,1,106831,0.000936
Goedel-8B,Putnam,Syntax error,"invalid 'TOKEN', insufficient scopes",1,106831,0.000936
Goedel-8B,Putnam,Syntax error,missing end of character literal,1,106831,0.000936
Goedel-8B,Putnam,Syntax error,"unexpected token 'TOKEN'; expected 'TOKEN', 'TOKEN'",1,106831,0.000936
Goedel-8B,Putnam,Syntax error,"unexpected token 'TOKEN'; expected 'TOKEN', 'TOKEN', 'TOKEN', 'TOKEN', 'TOKEN' or identifier",1,106831,0.000936
Goedel-8B,Putnam,Tactic failure,not enough tactics,1,106831,0.000936
Goedel-8B,Putnam,Tactic failure,redundant alternative,1,106831,0.000936
Goedel-8B,Putnam,Tactic failure,"tactic 'ID' failed, 'TERM'",1,106831,0.000936
Goedel-8B,Putnam,Tactic failure,too many variable names provided,1,106831,0.000936
Goedel-8B,Putnam,Type mismatch,"failed to prove index is valid, possible solutions:",1,106831,0.000936
Goedel-8B,Putnam,Type mismatch,failed to solve universe constraint,1,106831,0.000936
Goedel-8B,Putnam,Type mismatch,"invalid 'ID' notation, argument",1,106831,0.000936
Goedel-8B,Putnam,Type mismatch,"invalid occurrence of 'ID' notation, it must be surrounded by parentheses (e.g. 'ID')",1,106831,0.000936
Goedel-8B,Putnam,Type mismatch,invalid patterns: 'ID' occurs only in positions inaccessible to pattern matching,1,106831,0.000936
Goedel-8B,Putnam,Type mismatch,"invalid projection, structure has only NUM field(s)",1,106831,0.000936
Goedel-8B,Putnam,Type mismatch,"numerals are data in Lean, but the expected type is universe polymorphic and may be a proposition",1,106831,0.000936
Goedel-8B,Putnam,Type mismatch,target,1,106831,0.000936
Goedel-8B,Putnam,Type mismatch,unknown metavariable 'ID',1,106831,0.000936
Goedel-8B,Putnam,Unresolved name,'ID' is not a field of structure 'ID',1,106831,0.000936
Goedel-8B,miniF2F,Unsolved goals,unsolved goals,2734,7815,34.984005
Goedel-8B,miniF2F,Tactic failure,linarith failed to find a contradiction,1550,7815,19.833653
Goedel-8B,miniF2F,Tactic failure,omega could not prove the goal:,980,7815,12.539987
Goedel-8B,miniF2F,Type mismatch,type mismatch,657,7815,8.406910
Goedel-8B,miniF2F,Tactic failure,"tactic 'ID' failed, did not find the pattern in the target expression",262,7815,3.352527
Goedel-8B,miniF2F,Missing instance,failed to synthesize,258,7815,3.301344
Goedel-8B,miniF2F,Unresolved name,unknown identifier 'ID',234,7815,2.994242
Goedel-8B,miniF2F,Tactic failure,tactic 'ID' made no progress,183,7815,2.341651
Goedel-8B,miniF2F,Type mismatch,application type mismatch,99,7815,1.266795
Goedel-8B,miniF2F,Unresolved name,unknown constant 'ID',92,7815,1.177223
Goedel-8B,miniF2F,Tactic failure,"tactic 'ID' failed, equality or iff proof expected",85,7815,1.087652
Goedel-8B,miniF2F,Tactic failure,"tactic 'ID' failed, failed to unify",84,7815,1.074856
Goedel-8B,miniF2F,Tactic failure,"tactic 'ID' failed, nested error",79,7815,1.010877
Goedel-8B,miniF2F,Syntax error,unexpected identifier; expected command,66,7815,0.844530
Goedel-8B,miniF2F,Tactic failure,tactic 'ID' failed,57,7815,0.729367
Goedel-8B,miniF2F,Tactic failure,"tactic 'ID' failed, possible reasons",57,7815,0.729367
Goedel-8B,miniF2F,Unresolved name,"invalid field 'ID', the environment does not contain 'ID'",57,7815,0.729367
Goedel-8B,miniF2F,Resource exhaustion,maximum recursion depth has been reached,44,7815,0.563020
Goedel-8B,miniF2F,Tactic failure,no goals to be solved,29,7815,0.371081
Goedel-8B,miniF2F,Syntax error,unexpected token 'TOKEN'; expected 'TOKEN',27,7815,0.345489
Goedel-8B,miniF2F,Type mismatch,mod_cast has type,18,7815,0.230326
Goedel-8B,miniF2F,Syntax error,unexpected token 'TOKEN'; expected command,16,7815,0.204734
Goedel-8B,miniF2F,Tactic failure,interval_cases failed: unsupported type 'TYPE',12,7815,0.153551
Goedel-8B,miniF2F,Type mismatch,function expected at 'ID',12,7815,0.153551
Goedel-8B,miniF2F,Tactic failure,not a positivity goal,11,7815,0.140755
Goedel-8B,miniF2F,Type mismatch,"invalid constructor ⟨...⟩, expected type must be an inductive type",11,7815,0.140755
Goedel-8B,miniF2F,Tactic failure,rcases tactic failed: 'ID' is not an inductive datatype,10,7815,0.127959
Goedel-8B,miniF2F,Tactic failure,tauto failed to solve some goals.,9,7815,0.115163
Goedel-8B,miniF2F,Tactic failure,alternative 'ID' has not been provided,7,7815,0.089571
Goedel-8B,miniF2F,Tactic failure,"tactic 'ID' failed, motive is not type correct",7,7815,0.089571
Goedel-8B,miniF2F,Syntax error,unexpected identifier; expected 'TOKEN',6,7815,0.076775
Goedel-8B,miniF2F,Syntax error,"unexpected token 'TOKEN'; expected 'TOKEN', 'TOKEN' or 'TOKEN'",6,7815,0.076775
Goedel-8B,miniF2F,Tactic failure,tactic 'ID' proved that the proposition,6,7815,0.076775
Goedel-8B,miniF2F,Tactic failure,failed to prove positivity/nonnegativity/nonzeroness,5,7815,0.063980
Goedel-8B,miniF2F,Type mismatch,"invalid constructor ⟨...⟩, expected type must be an inductive type with only one constructor",5,7815,0.063980
Goedel-8B,miniF2F,Missing instance,"invalid 'TYPE' step, failed to synthesize 'TYPE' instance",4,7815,0.051184
Goedel-8B,miniF2F,Syntax error,unexpected token 'TOKEN'; expected identifier,4,7815,0.051184
Goedel-8B,miniF2F,Tactic failure,"'ID' tactic failed, has type",4,7815,0.051184
Goedel-8B,miniF2F,Tactic failure,"failed to prove strict positivity, but it would be possible to prove nonnegativity if desired",3,7815,0.038388
Goedel-8B,miniF2F,Tactic failure,interval_cases failed: could not find upper bound on 'TERM',3,7815,0.038388
Goedel-8B,miniF2F,Tactic failure,"tactic 'ID' failed, pattern is a metavariable",3,7815,0.038388
Goedel-8B,miniF2F,Tactic failure,"aesop: error in norm simp: tactic 'ID' failed, nested error",2,7815,0.025592
Goedel-8B,miniF2F,Tactic failure,expected 'ID' or indented tactic sequence,2,7815,0.025592
Goedel-8B,miniF2F,Tactic failure,invalid alternative name 'ID',2,7815,0.025592
Goedel-8B,miniF2F,Tactic failure,"tactic 'ID' failed, insufficient number of binders",2,7815,0.025592
Goedel-8B,miniF2F,Type mismatch,"invalid constructor ⟨...⟩, insufficient number of arguments for 'ID'",2,7815,0.025592
Goedel-8B,miniF2F,Type mismatch,"numerals are data in Lean, but the expected type is a proposition",2,7815,0.025592
Goedel-8B,miniF2F,Syntax error,unexpected end of input; expected 'TOKEN',1,7815,0.012796
Goedel-8B,miniF2F,Syntax error,unexpected token 'TOKEN'; expected term,1,7815,0.012796
Goedel-8B,miniF2F,Tactic failure,"dependent elimination failed, failed to solve equation",1,7815,0.012796
Goedel-8B,miniF2F,Tactic failure,"tactic 'ID' failed, 'ID' is not an inductive datatype",1,7815,0.012796
Goedel-8B,miniF2F,Type mismatch,"invalid projection, structure expected",1,7815,0.012796
Goedel-8B,miniF2F,Type mismatch,"invalid {...} notation, expected type is not known",1,7815,0.012796
Goedel-8B,miniF2F,Type mismatch,"type expected, got",1,7815,0.012796
Kimina-Prover-Distill-8B,FATE-H,Unresolved name,unknown identifier 'ID',382,2371,16.111345
Kimina-Prover-Distill-8B,FATE-H,Unsolved goals,unsolved goals,360,2371,15.183467
Kimina-Prover-Distill-8B,FATE-H,Unresolved name,unknown constant 'ID',333,2371,14.044707
Kimina-Prover-Distill-8B,FATE-H,Missing instance,failed to synthesize instance of type class,211,2371,8.899199
Kimina-Prover-Distill-8B,FATE-H,Tactic failure,no goals to be solved,179,2371,7.549557
Kimina-Prover-Distill-8B,FATE-H,Unresolved name,"invalid field 'ID', the environment does not contain 'ID'",160,2371,6.748208
Kimina-Prover-Distill-8B,FATE-H,Type mismatch,invalid field notation: Field projection operates on types of the form 'ID' where C is a constant. The expression,110,2371,4.639393
Kimina-Prover-Distill-8B,FATE-H,Type mismatch,type mismatch,92,2371,3.880219
Kimina-Prover-Distill-8B,FATE-H,Tactic failure,tactic 'ID' made no progress,76,2371,3.205399
Kimina-Prover-Distill-8B,FATE-H,Tactic failure,linarith failed to find a contradiction,45,2371,1.897933
Kimina-Prover-Distill-8B,FATE-H,Tactic failure,"tactic 'ID' failed, did not find the pattern in the target expression",37,2371,1.560523
Kimina-Prover-Distill-8B,FATE-H,Tactic failure,"tactic 'ID' failed, motive is not type correct",33,2371,1.391818
Kimina-Prover-Distill-8B,FATE-H,Type mismatch,application type mismatch: The argument,32,2371,1.349642
Kimina-Prover-Distill-8B,FATE-H,Type mismatch,function expected at 'ID',29,2371,1.223113
Kimina-Prover-Distill-8B,FATE-H,Type mismatch,"type mismatch: After simplification, term",25,2371,1.054407
Kimina-Prover-Distill-8B,FATE-H,Tactic failure,"tactic 'ID' failed, insufficient number of binders",17,2371,0.716997
Kimina-Prover-Distill-8B,FATE-H,Missing instance,failed to synthesize,14,2371,0.590468
Kimina-Prover-Distill-8B,FATE-H,Syntax error,unexpected token 'TOKEN'; expected 'TOKEN' or identifier,14,2371,0.590468
Kimina-Prover-Distill-8B,FATE-H,Syntax error,"unexpected token 'TOKEN'; expected 'TOKEN', 'TOKEN' or 'TOKEN'",13,2371,0.548292
Kimina-Prover-Distill-8B,FATE-H,Syntax error,unexpected token 'TOKEN'; expected 'TOKEN',12,2371,0.506116
Kimina-Prover-Distill-8B,FATE-H,Unresolved name,"overloaded, errors",11,2371,0.463939
Kimina-Prover-Distill-8B,FATE-H,Termination failure,fail to show termination for,10,2371,0.421763
Kimina-Prover-Distill-8B,FATE-H,Tactic failure,no applicable extensionality theorem found for 'TYPE',9,2371,0.379587
Kimina-Prover-Distill-8B,FATE-H,Tactic failure,tactic 'ID' failed,9,2371,0.379587
Kimina-Prover-Distill-8B,FATE-H,Tactic failure,"tactic 'ID' failed, 'ID' is not an inductive datatype",9,2371,0.379587
Kimina-Prover-Distill-8B,FATE-H,Type mismatch,invalid field notation: Type of,9,2371,0.379587
Kimina-Prover-Distill-8B,FATE-H,Unresolved name,'ID' is not a field of structure 'ID',9,2371,0.379587
Kimina-Prover-Distill-8B,FATE-H,Tactic failure,"tactic 'ID' failed, nested error",8,2371,0.337410
Kimina-Prover-Distill-8B,FATE-H,Tactic failure,interval_cases failed: could not find upper bound on 'TERM',7,2371,0.295234
Kimina-Prover-Distill-8B,FATE-H,Tactic failure,omega could not prove the goal:,7,2371,0.295234
Kimina-Prover-Distill-8B,FATE-H,Tactic failure,"tactic 'ID' failed, could not unify the conclusion of 'ID'",7,2371,0.295234
Kimina-Prover-Distill-8B,FATE-H,Type mismatch,failed: ID is not the type of a function.,6,2371,0.253058
Kimina-Prover-Distill-8B,FATE-H,Unresolved name,ambiguous term,6,2371,0.253058
Kimina-Prover-Distill-8B,FATE-H,Tactic failure,expected 'ID' or indented tactic sequence,5,2371,0.210881
Kimina-Prover-Distill-8B,FATE-H,Tactic failure,"tactic 'ID' failed, 'TERM'",5,2371,0.210881
Kimina-Prover-Distill-8B,FATE-H,Tactic failure,"tactic 'ID' failed. Error: failed to compile definition, compiler IR check failed at 'ID'. Error: depends on declaration 'ID', which has no executable code; consider marking definition as 'ID'",5,2371,0.210881
Kimina-Prover-Distill-8B,FATE-H,Type mismatch,"type expected, got",5,2371,0.210881
Kimina-Prover-Distill-8B,FATE-H,Unresolved name,unknown universe level 'ID',5,2371,0.210881
Kimina-Prover-Distill-8B,FATE-H,Tactic failure,"tactic 'ID' failed, no applicable constructor found",4,2371,0.168705
Kimina-Prover-Distill-8B,FATE-H,Type mismatch,"invalid projection: Projections cannot be used on functions, and",4,2371,0.168705
Kimina-Prover-Distill-8B,FATE-H,Tactic failure,"'ID' inapplicable. The LHS must be an application of 'ID', 'ID', or 'ID'.",3,2371,0.126529
Kimina-Prover-Distill-8B,FATE-H,Tactic failure,invalid rewrite argument: expected an equality or iff proof or definition name,3,2371,0.126529
Kimina-Prover-Distill-8B,FATE-H,Tactic failure,"the given degree is 'ID'. However,",3,2371,0.126529
Kimina-Prover-Distill-8B,FATE-H,Type mismatch,fields missing: 'ID',3,2371,0.126529
Kimina-Prover-Distill-8B,FATE-H,Type mismatch,insufficient number of fields for 'ID' constructor,3,2371,0.126529
Kimina-Prover-Distill-8B,FATE-H,Type mismatch,invalid projection: Projection operates on structure-like types with fields. The expression,3,2371,0.126529
Kimina-Prover-Distill-8B,FATE-H,Unresolved name,unknown tactic 'ID',3,2371,0.126529
Kimina-Prover-Distill-8B,FATE-H,Missing instance,type class instance expected,2,2371,0.084353
Kimina-Prover-Distill-8B,FATE-H,Syntax error,expected token,2,2371,0.084353
Kimina-Prover-Distill-8B,FATE-H,Syntax error,unexpected end of input; expected 'TOKEN',2,2371,0.084353
Kimina-Prover-Distill-8B,FATE-H,Syntax error,"unexpected token 'TOKEN'; expected 'TOKEN', 'TOKEN' or identifier",2,2371,0.084353
Kimina-Prover-Distill-8B,FATE-H,Syntax error,unexpected token 'TOKEN'; expected command,2,2371,0.084353
Kimina-Prover-Distill-8B,FATE-H,Syntax error,unexpected token 'TOKEN'; expected term,2,2371,0.084353
Kimina-Prover-Distill-8B,FATE-H,Tactic failure,case tag 'ID' not found,2,2371,0.084353
Kimina-Prover-Distill-8B,FATE-H,Tactic failure,tactic 'ID' failed to unfold 'ID' in,2,2371,0.084353
Kimina-Prover-Distill-8B,FATE-H,Type mismatch,'ID' expression has type,2,2371,0.084353
Kimina-Prover-Distill-8B,FATE-H,Type mismatch,"failed to prove index is valid, possible solutions:",2,2371,0.084353
Kimina-Prover-Distill-8B,FATE-H,Type mismatch,invalid projection: index 'ID' is invalid for this structure,2,2371,0.084353
Kimina-Prover-Distill-8B,FATE-H,Unresolved name,'ID' has already been declared,2,2371,0.084353
Kimina-Prover-Distill-8B,FATE-H,Resource exhaustion,maximum recursion depth has been reached,1,2371,0.042176
Kimina-Prover-Distill-8B,FATE-H,Syntax error,"unexpected end of input; expected 'TOKEN', 'TOKEN' or 'TOKEN'",1,2371,0.042176
Kimina-Prover-Distill-8B,FATE-H,Syntax error,"unexpected end of input; expected 'TOKEN', 'TOKEN', 'TOKEN', 'TOKEN', 'TOKEN' or identifier",1,2371,0.042176
Kimina-Prover-Distill-8B,FATE-H,Syntax error,unexpected identifier; expected command,1,2371,0.042176
Kimina-Prover-Distill-8B,FATE-H,Syntax error,unexpected token 'TOKEN'; expected 'TOKEN' or term,1,2371,0.042176
Kimina-Prover-Distill-8B,FATE-H,Tactic failure,alternative 'ID' has not been provided,1,2371,0.042176
Kimina-Prover-Distill-8B,FATE-H,Tactic failure,elaboration function for 'ID' has not been implemented,1,2371,0.042176
Kimina-Prover-Distill-8B,FATE-H,Tactic failure,"failed to prove strict positivity, but it would be possible to prove nonnegativity if desired",1,2371,0.042176
Kimina-Prover-Distill-8B,FATE-H,Tactic failure,"tactic 'ID' failed, could not unify the type of 'ID'",1,2371,0.042176
Kimina-Prover-Distill-8B,FATE-H,Type mismatch,expected type must not contain metavariables,1,2371,0.042176
Kimina-Prover-Distill-8B,FATE-H,Type mismatch,invalid 'ID' notation: The expected type,1,2371,0.042176
Kimina-Prover-Distill-8B,FATE-H,Type mismatch,invalid argument: variable 'ID' is not a proposition or let-declaration,1,2371,0.042176
Kimina-Prover-Distill-8B,FATE-M,Unsolved goals,unsolved goals,1306,9105,14.343767
Kimina-Prover-Distill-8B,FATE-M,Unresolved name,unknown constant 'ID',1104,9105,12.125206
Kimina-Prover-Distill-8B,FATE-M,Missing instance,failed to synthesize instance of type class,1003,9105,11.015925
Kimina-Prover-Distill-8B,FATE-M,Unresolved name,unknown identifier 'ID',778,9105,8.544756
Kimina-Prover-Distill-8B,FATE-M,Tactic failure,tactic 'ID' made no progress,742,9105,8.149368
Kimina-Prover-Distill-8B,FATE-M,Unresolved name,"invalid field 'ID', the environment does not contain 'ID'",525,9105,5.766063
Kimina-Prover-Distill-8B,FATE-M,Tactic failure,linarith failed to find a contradiction,508,9105,5.579352
Kimina-Prover-Distill-8B,FATE-M,Tactic failure,no goals to be solved,450,9105,4.942339
Kimina-Prover-Distill-8B,FATE-M,Type mismatch,type mismatch,415,9105,4.557935
Kimina-Prover-Distill-8B,FATE-M,Type mismatch,invalid field notation: Field projection operates on types of the form 'ID' where C is a constant. The expression,344,9105,3.778144
Kimina-Prover-Distill-8B,FATE-M,Tactic failure,"tactic 'ID' failed, did not find the pattern in the target expression",268,9105,2.943438
Kimina-Prover-Distill-8B,FATE-M,Type mismatch,application type mismatch: The argument,210,9105,2.306425
Kimina-Prover-Distill-8B,FATE-M,Tactic failure,omega could not prove the goal:,159,9105,1.746293
Kimina-Prover-Distill-8B,FATE-M,Tactic failure,tactic 'ID' failed,94,9105,1.032400
Kimina-Prover-Distill-8B,FATE-M,Syntax error,unexpected token 'TOKEN'; expected 'TOKEN' or identifier,91,9105,0.999451
Kimina-Prover-Distill-8B,FATE-M,Unresolved name,ambiguous term,81,9105,0.889621
Kimina-Prover-Distill-8B,FATE-M,Type mismatch,invalid projection: Projection operates on types of the form 'ID' where C is a constant. The expression,78,9105,0.856672
Kimina-Prover-Distill-8B,FATE-M,Type mismatch,"type mismatch: After simplification, term",73,9105,0.801757
Kimina-Prover-Distill-8B,FATE-M,Tactic failure,"tactic 'ID' failed, insufficient number of binders",69,9105,0.757825
Kimina-Prover-Distill-8B,FATE-M,Tactic failure,"tactic 'ID' failed, 'TERM'",62,9105,0.680945
Kimina-Prover-Distill-8B,FATE-M,Tactic failure,"tactic 'ID' failed, 'ID' is not an inductive datatype",57,9105,0.626030
Kimina-Prover-Distill-8B,FATE-M,Tactic failure,"tactic 'ID' failed, could not unify the conclusion of 'ID'",55,9105,0.604064
Kimina-Prover-Distill-8B,FATE-M,Type mismatch,function expected at 'ID',53,9105,0.582098
Kimina-Prover-Distill-8B,FATE-M,Termination failure,fail to show termination for,43,9105,0.472268
Kimina-Prover-Distill-8B,FATE-M,Type mismatch,"invalid field notation, function 'ID' does not have an argument with the required receiver type",39,9105,0.428336
Kimina-Prover-Distill-8B,FATE-M,Type mismatch,invalid argument: variable 'ID' is not a proposition or let-declaration,36,9105,0.395387
Kimina-Prover-Distill-8B,FATE-M,Tactic failure,no applicable extensionality theorem found for 'TYPE',33,9105,0.362438
Kimina-Prover-Distill-8B,FATE-M,Syntax error,unexpected token 'TOKEN'; expected 'TOKEN',32,9105,0.351455
Kimina-Prover-Distill-8B,FATE-M,Tactic failure,"tactic 'ID' failed, could not unify the type of 'ID'",29,9105,0.318506
Kimina-Prover-Distill-8B,FATE-M,Unresolved name,"overloaded, errors",27,9105,0.296540
Kimina-Prover-Distill-8B,FATE-M,Missing instance,failed to synthesize,24,9105,0.263591
Kimina-Prover-Distill-8B,FATE-M,Tactic failure,invalid rewrite argument: expected an equality or iff proof or definition name,24,9105,0.263591
Kimina-Prover-Distill-8B,FATE-M,Tactic failure,"tactic 'ID' failed, nested error",23,9105,0.252608
Kimina-Prover-Distill-8B,FATE-M,Type mismatch,mod_cast has type,21,9105,0.230643
Kimina-Prover-Distill-8B,FATE-M,Tactic failure,interval_cases failed: could not find upper bound on 'TERM',19,9105,0.208677
Kimina-Prover-Distill-8B,FATE-M,Tactic failure,"failed to prove strict positivity, but it would be possible to prove nonnegativity if desired",17,9105,0.186711
Kimina-Prover-Distill-8B,FATE-M,Type mismatch,"invalid 'ID' step, left-hand side is",13,9105,0.142779
Kimina-Prover-Distill-8B,FATE-M,Tactic failure,alternative 'ID' has not been provided,12,9105,0.131796
Kimina-Prover-Distill-8B,FATE-M,Missing instance,typeclass instance problem is stuck,11,9105,0.120813
Kimina-Prover-Distill-8B,FATE-M,Tactic failure,invalid alternative name 'ID',10,9105,0.109830
Kimina-Prover-Distill-8B,FATE-M,Type mismatch,insufficient number of fields for 'ID' constructor,10,9105,0.109830
Kimina-Prover-Distill-8B,FATE-M,Unresolved name,unknown tactic 'ID',9,9105,0.098847
Kimina-Prover-Distill-8B,FATE-M,Tactic failure,expected 'ID' or indented tactic sequence,8,9105,0.087864
Kimina-Prover-Distill-8B,FATE-M,Type mismatch,failed: ID is not the type of a function.,8,9105,0.087864
Kimina-Prover-Distill-8B,FATE-M,Type mismatch,"invalid 'ID' step, right-hand side is",7,9105,0.076881
Kimina-Prover-Distill-8B,FATE-M,Syntax error,"unexpected token 'TOKEN'; expected 'TOKEN', 'TOKEN' or 'TOKEN'",6,9105,0.065898
Kimina-Prover-Distill-8B,FATE-M,Tactic failure,"tactic 'ID' failed, major premise type is not an inductive type",6,9105,0.065898
Kimina-Prover-Distill-8B,FATE-M,Type mismatch,invalid projection: Type of,6,9105,0.065898
Kimina-Prover-Distill-8B,FATE-M,Type mismatch,"type expected, got",6,9105,0.065898
Kimina-Prover-Distill-8B,FATE-M,Missing instance,type class instance expected,5,9105,0.054915
Kimina-Prover-Distill-8B,FATE-M,Syntax error,unexpected end of input; expected 'TOKEN',5,9105,0.054915
Kimina-Prover-Distill-8B,FATE-M,Syntax error,unexpected syntax,5,9105,0.054915
Kimina-Prover-Distill-8B,FATE-M,Syntax error,unexpected token 'TOKEN'; expected command,5,9105,0.054915
Kimina-Prover-Distill-8B,FATE-M,Tactic failure,"tactic 'ID' failed, requires an inductive type with NUM constructors",5,9105,0.054915
Kimina-Prover-Distill-8B,FATE-M,Type mismatch,'ID' expression has type,5,9105,0.054915
Kimina-Prover-Distill-8B,FATE-M,Type mismatch,"numerals are data in Lean, but the expected type is a proposition",5,9105,0.054915
Kimina-Prover-Distill-8B,FATE-M,Syntax error,expected token,4,9105,0.043932
Kimina-Prover-Distill-8B,FATE-M,Tactic failure,"extensionality tactic only applies to equalities, not 'TYPE'",4,9105,0.043932
Kimina-Prover-Distill-8B,FATE-M,Type mismatch,invalid 'ID' notation: The expected type 'ID' is not an inductive type,4,9105,0.043932
Kimina-Prover-Distill-8B,FATE-M,Resource exhaustion,maximum recursion depth has been reached,3,9105,0.032949
Kimina-Prover-Distill-8B,FATE-M,Tactic failure,'ID' requires a term of the form 'ID' where 'ID' appears in the local context,3,9105,0.032949
Kimina-Prover-Distill-8B,FATE-M,Tactic failure,case tag 'ID' not found,3,9105,0.032949
Kimina-Prover-Distill-8B,FATE-M,Type mismatch,invalid 'ID' notation: The expected type,3,9105,0.032949
Kimina-Prover-Distill-8B,FATE-M,Type mismatch,"invalid projection: Projections cannot be used on functions, and",3,9105,0.032949
Kimina-Prover-Distill-8B,FATE-M,Syntax error,unexpected end of input,2,9105,0.021966
Kimina-Prover-Distill-8B,FATE-M,Syntax error,"unexpected end of input; expected 'TOKEN', 'TOKEN' or 'TOKEN'",2,9105,0.021966
Kimina-Prover-Distill-8B,FATE-M,Tactic failure,failed to rewrite using equation theorems for 'ID',2,9105,0.021966
Kimina-Prover-Distill-8B,FATE-M,Tactic failure,"invalid simp theorem: Expected a proposition, but found",2,9105,0.021966
Kimina-Prover-Distill-8B,FATE-M,Tactic failure,"tactic 'ID' failed, motive is not type correct",2,9105,0.021966
Kimina-Prover-Distill-8B,FATE-M,Tactic failure,"tactic 'ID' failed, no applicable constructor found",2,9105,0.021966
Kimina-Prover-Distill-8B,FATE-M,Tactic failure,too many arguments supplied to 'ID',2,9105,0.021966
Kimina-Prover-Distill-8B,FATE-M,Type mismatch,application type mismatch: The last,2,9105,0.021966
Kimina-Prover-Distill-8B,FATE-M,Type mismatch,failed to find 'ID' as the type of a parameter of 'ID',2,9105,0.021966
Kimina-Prover-Distill-8B,FATE-M,Type mismatch,fields missing: 'ID',2,9105,0.021966
Kimina-Prover-Distill-8B,FATE-M,Type mismatch,invalid argument name 'ID' for function 'ID',2,9105,0.021966
Kimina-Prover-Distill-8B,FATE-M,Type mismatch,type mismatch when assigning motive,2,9105,0.021966
Kimina-Prover-Distill-8B,FATE-M,Missing instance,failed to synthesize instance of,1,9105,0.010983
Kimina-Prover-Distill-8B,FATE-M,Syntax error,unexpected identifier; expected 'TOKEN',1,9105,0.010983
Kimina-Prover-Distill-8B,FATE-M,Syntax error,unexpected token 'TOKEN',1,9105,0.010983
Kimina-Prover-Distill-8B,FATE-M,Syntax error,unexpected token 'TOKEN'; expected 'TOKEN' or 'TOKEN',1,9105,0.010983
Kimina-Prover-Distill-8B,FATE-M,Tactic failure,duplicate alternative name 'ID',1,9105,0.010983
Kimina-Prover-Distill-8B,FATE-M,Tactic failure,interval_cases failed: unsupported type 'TYPE',1,9105,0.010983
Kimina-Prover-Distill-8B,FATE-M,Tactic failure,tactic 'ID' evaluated that the proposition,1,9105,0.010983
Kimina-Prover-Distill-8B,FATE-M,Type mismatch,"failed to prove index is valid, possible solutions:",1,9105,0.010983
Kimina-Prover-Distill-8B,FATE-M,Type mismatch,invalid 'ID' notation: The expected type of this term could not be determined,1,9105,0.010983
Kimina-Prover-Distill-8B,FATE-M,Type mismatch,invalid field notation: Type of,1,9105,0.010983
Kimina-Prover-Distill-8B,FATE-M,Type mismatch,invalid projection: Projection operates on structure-like types with fields. The expression,1,9105,0.010983
Kimina-Prover-Distill-8B,FATE-M,Type mismatch,"numerals are data in Lean, but the expected type is universe polymorphic and may be a proposition",1,9105,0.010983
Kimina-Prover-Distill-8B,FATE-M,Type mismatch,stuck at solving universe constraint,1,9105,0.010983
Kimina-Prover-Distill-8B,FATE-M,Unresolved name,'ID' has already been declared,1,9105,0.010983
Kimina-Prover-Distill-8B,FATE-M,Unresolved name,unknown universe level 'ID',1,9105,0.010983
Kimina-Prover-Distill-8B,ProofNet,Unsolved goals,unsolved goals,872,5798,15.039669
Kimina-Prover-Distill-8B,ProofNet,Unresolved name,unknown identifier 'ID',847,5798,14.608486
Kimina-Prover-Distill-8B,ProofNet,Missing instance,failed to synthesize,574,5798,9.899966
Kimina-Prover-Distill-8B,ProofNet,Unresolved name,"invalid field 'ID', the environment does not contain 'ID'",518,5798,8.934115
Kimina-Prover-Distill-8B,ProofNet,Unresolved name,unknown constant 'ID',411,5798,7.088651
Kimina-Prover-Distill-8B,ProofNet,Type mismatch,type mismatch,336,5798,5.795102
Kimina-Prover-Distill-8B,ProofNet,Type mismatch,"invalid field notation, type is not of the form (C ...) where C is a constant",310,5798,5.346671
Kimina-Prover-Distill-8B,ProofNet,Tactic failure,"tactic 'ID' failed, equality or iff proof expected",232,5798,4.001380
Kimina-Prover-Distill-8B,ProofNet,Type mismatch,application type mismatch,193,5798,3.328734
Kimina-Prover-Distill-8B,ProofNet,Tactic failure,tactic 'ID' made no progress,184,5798,3.173508
Kimina-Prover-Distill-8B,ProofNet,Tactic failure,"tactic 'ID' failed, did not find the pattern in the target expression",127,5798,2.190410
Kimina-Prover-Distill-8B,ProofNet,Tactic failure,"tactic 'ID' failed, failed to unify",121,5798,2.086927
Kimina-Prover-Distill-8B,ProofNet,Syntax error,expected token,108,5798,1.862711
Kimina-Prover-Distill-8B,ProofNet,Unresolved name,"overloaded, errors",108,5798,1.862711
Kimina-Prover-Distill-8B,ProofNet,Tactic failure,"tactic 'ID' failed, insufficient number of binders",80,5798,1.379786
Kimina-Prover-Distill-8B,ProofNet,Tactic failure,linarith failed to find a contradiction,73,5798,1.259055
Kimina-Prover-Distill-8B,ProofNet,Tactic failure,omega could not prove the goal:,73,5798,1.259055
Kimina-Prover-Distill-8B,ProofNet,Unresolved name,"ambiguous, possible interpretations",73,5798,1.259055
Kimina-Prover-Distill-8B,ProofNet,Syntax error,unexpected token 'TOKEN'; expected 'TOKEN' or identifier,71,5798,1.224560
Kimina-Prover-Distill-8B,ProofNet,Type mismatch,function expected at 'ID',55,5798,0.948603
Kimina-Prover-Distill-8B,ProofNet,Tactic failure,no goals to be solved,37,5798,0.638151
Kimina-Prover-Distill-8B,ProofNet,Tactic failure,"tactic 'ID' failed, motive is not type correct",32,5798,0.551914
Kimina-Prover-Distill-8B,ProofNet,Tactic failure,rcases tactic failed: 'ID' is not an inductive datatype,27,5798,0.465678
Kimina-Prover-Distill-8B,ProofNet,Tactic failure,tactic 'ID' failed,27,5798,0.465678
Kimina-Prover-Distill-8B,ProofNet,Type mismatch,invalid argument: variable 'ID' is not a proposition or let-declaration,27,5798,0.465678
Kimina-Prover-Distill-8B,ProofNet,Tactic failure,tauto failed to solve some goals.,21,5798,0.362194
Kimina-Prover-Distill-8B,ProofNet,Syntax error,unexpected token 'TOKEN'; expected 'TOKEN',19,5798,0.327699
Kimina-Prover-Distill-8B,ProofNet,Tactic failure,"tactic 'ID' failed, no applicable constructor found",19,5798,0.327699
Kimina-Prover-Distill-8B,ProofNet,Type mismatch,"type expected, got",16,5798,0.275957
Kimina-Prover-Distill-8B,ProofNet,Tactic failure,no applicable extensionality theorem found for 'TYPE',14,5798,0.241463
Kimina-Prover-Distill-8B,ProofNet,Type mismatch,"invalid projection, structure expected",14,5798,0.241463
Kimina-Prover-Distill-8B,ProofNet,Tactic failure,"tactic 'ID' failed, 'ID' is not an inductive datatype",13,5798,0.224215
Kimina-Prover-Distill-8B,ProofNet,Unresolved name,'ID' is not a field of structure 'ID',13,5798,0.224215
Kimina-Prover-Distill-8B,ProofNet,Type mismatch,"invalid projection, the expression",12,5798,0.206968
Kimina-Prover-Distill-8B,ProofNet,Tactic failure,rcases tactic failed: 'TERM',9,5798,0.155226
Kimina-Prover-Distill-8B,ProofNet,Type mismatch,"invalid constructor ⟨...⟩, insufficient number of arguments for 'ID'",9,5798,0.155226
Kimina-Prover-Distill-8B,ProofNet,Type mismatch,mod_cast has type,9,5798,0.155226
Kimina-Prover-Distill-8B,ProofNet,Syntax error,unexpected token 'TOKEN'; expected command,8,5798,0.137979
Kimina-Prover-Distill-8B,ProofNet,Type mismatch,expected type must not contain free or meta variables,8,5798,0.137979
Kimina-Prover-Distill-8B,ProofNet,Missing instance,"typeclass instance problem is stuck, it is often due to metavariables",6,5798,0.103484
Kimina-Prover-Distill-8B,ProofNet,Syntax error,unexpected end of input; expected 'TOKEN',6,5798,0.103484
Kimina-Prover-Distill-8B,ProofNet,Type mismatch,"numerals are data in Lean, but the expected type is a proposition",6,5798,0.103484
Kimina-Prover-Distill-8B,ProofNet,Type mismatch,stuck at solving universe constraint,6,5798,0.103484
Kimina-Prover-Distill-8B,ProofNet,Unresolved name,'ID' has already been declared,5,5798,0.086237
Kimina-Prover-Distill-8B,ProofNet,Tactic failure,"tactic 'ID' failed, nested error",4,5798,0.068989
Kimina-Prover-Distill-8B,ProofNet,Type mismatch,"invalid field notation, function 'ID' does not have an argument with the required receiver type",4,5798,0.068989
Kimina-Prover-Distill-8B,ProofNet,Unresolved name,"ambiguous term, use fully qualified name, possible interpretations ['ID']",4,5798,0.068989
Kimina-Prover-Distill-8B,ProofNet,Resource exhaustion,maximum recursion depth has been reached,3,5798,0.051742
Kimina-Prover-Distill-8B,ProofNet,Tactic failure,'ID' requires a term of the form 'ID' where 'ID' appears in the local context,3,5798,0.051742
Kimina-Prover-Distill-8B,ProofNet,Tactic failure,"'ID' tactic failed, has type",3,5798,0.051742
Kimina-Prover-Distill-8B,ProofNet,Tactic failure,too many arguments supplied to 'ID',3,5798,0.051742
Kimina-Prover-Distill-8B,ProofNet,Type mismatch,don't know how to synthesize implicit argument 'ID',3,5798,0.051742
Kimina-Prover-Distill-8B,ProofNet,Type mismatch,"invalid constructor ⟨...⟩, expected type must be an inductive type",3,5798,0.051742
Kimina-Prover-Distill-8B,ProofNet,Type mismatch,invalid use of field notation with 'ID' modifier,3,5798,0.051742
Kimina-Prover-Distill-8B,ProofNet,Unresolved name,unknown tactic 'ID',3,5798,0.051742
Kimina-Prover-Distill-8B,ProofNet,Syntax error,"unexpected identifier; expected 'TOKEN', 'TOKEN' or 'TOKEN'",2,5798,0.034495
Kimina-Prover-Distill-8B,ProofNet,Syntax error,unexpected identifier; expected command,2,5798,0.034495
Kimina-Prover-Distill-8B,ProofNet,Syntax error,"unexpected token 'TOKEN'; expected 'TOKEN', 'TOKEN' or 'TOKEN'",2,5798,0.034495
Kimina-Prover-Distill-8B,ProofNet,Tactic failure,expected 'ID' or indented tactic sequence,2,5798,0.034495
Kimina-Prover-Distill-8B,ProofNet,Tactic failure,"extensionality tactic only applies to equalities, not 'TYPE'",2,5798,0.034495
Kimina-Prover-Distill-8B,ProofNet,Type mismatch,failed to solve universe constraint,2,5798,0.034495
Kimina-Prover-Distill-8B,ProofNet,Type mismatch,"invalid projection, structure has only NUM field(s)",2,5798,0.034495
Kimina-Prover-Distill-8B,ProofNet,Missing instance,type class instance expected,1,5798,0.017247
Kimina-Prover-Distill-8B,ProofNet,Syntax error,unexpected end of input,1,5798,0.017247
Kimina-Prover-Distill-8B,ProofNet,Syntax error,unexpected identifier; expected 'TOKEN',1,5798,0.017247
Kimina-Prover-Distill-8B,ProofNet,Syntax error,unexpected token 'TOKEN'; expected 'TOKEN' or 'TOKEN',1,5798,0.017247
Kimina-Prover-Distill-8B,ProofNet,Syntax error,unexpected token 'TOKEN'; expected 'TOKEN' or tactic,1,5798,0.017247
Kimina-Prover-Distill-8B,ProofNet,Syntax error,"unexpected token 'TOKEN'; expected 'TOKEN', 'TOKEN'",1,5798,0.017247
Kimina-Prover-Distill-8B,ProofNet,Syntax error,"unexpected token 'TOKEN'; expected 'TOKEN', 'TOKEN', 'TOKEN', 'TOKEN', 'TOKEN', identifier or term",1,5798,0.017247
Kimina-Prover-Distill-8B,ProofNet,Syntax error,unexpected token 'TOKEN'; expected term,1,5798,0.017247
Kimina-Prover-Distill-8B,ProofNet,Tactic failure,"'ID' inapplicable. The LHS must be an application of 'ID', 'ID', or 'ID'.",1,5798,0.017247
Kimina-Prover-Distill-8B,ProofNet,Tactic failure,'ID' inapplicable. The goal,1,5798,0.017247
Kimina-Prover-Distill-8B,ProofNet,Tactic failure,failed to prove positivity/nonnegativity/nonzeroness,1,5798,0.017247
Kimina-Prover-Distill-8B,ProofNet,Tactic failure,interval_cases failed: could not find upper bound on 'TERM',1,5798,0.017247
Kimina-Prover-Distill-8B,ProofNet,Tactic failure,interval_cases failed: unsupported type 'TYPE',1,5798,0.017247
Kimina-Prover-Distill-8B,ProofNet,Tactic failure,"tactic 'ID' failed, major premise type is not an inductive type",1,5798,0.017247
Kimina-Prover-Distill-8B,ProofNet,Tactic failure,"tactic 'ID' failed, no if-then-else conditions to split",1,5798,0.017247
Kimina-Prover-Distill-8B,ProofNet,Tactic failure,"tactic 'ID' failed, possible reasons",1,5798,0.017247
Kimina-Prover-Distill-8B,ProofNet,Type mismatch,"invalid 'ID' step, left-hand side is",1,5798,0.017247
Kimina-Prover-Distill-8B,ProofNet,Type mismatch,"invalid constructor ⟨...⟩, expected type must be an inductive type with only one constructor",1,5798,0.017247
Kimina-Prover-Distill-8B,ProofNet,Type mismatch,"invalid {...} notation, expected type is not of the form (C ...)",1,5798,0.017247
Kimina-Prover-Distill-8B,Putnam,Unsolved goals,unsolved goals,5858,21784,26.891296
Kimina-Prover-Distill-8B,Putnam,Tactic failure,linarith failed to find a contradiction,2533,21784,11.627800
Kimina-Prover-Distill-8B,Putnam,Unresolved name,unknown identifier 'ID',1995,21784,9.158098
Kimina-Prover-Distill-8B,Putnam,Missing instance,failed to synthesize,1628,21784,7.473375
Kimina-Prover-Distill-8B,Putnam,Type mismatch,type mismatch,1039,21784,4.769556
Kimina-Prover-Distill-8B,Putnam,Tactic failure,omega could not prove the goal:,904,21784,4.149835
Kimina-Prover-Distill-8B,Putnam,Tactic failure,"tactic 'ID' failed, did not find the pattern in the target expression",793,21784,3.640286
Kimina-Prover-Distill-8B,Putnam,Type mismatch,application type mismatch,782,21784,3.589791
Kimina-Prover-Distill-8B,Putnam,Tactic failure,tactic 'ID' made no progress,779,21784,3.576019
Kimina-Prover-Distill-8B,Putnam,Unresolved name,"ambiguous, possible interpretations",703,21784,3.227139
Kimina-Prover-Distill-8B,Putnam,Type mismatch,"invalid field notation, type is not of the form (C ...) where C is a constant",559,21784,2.566104
Kimina-Prover-Distill-8B,Putnam,Unresolved name,unknown constant 'ID',510,21784,2.341168
Kimina-Prover-Distill-8B,Putnam,Tactic failure,"tactic 'ID' failed, failed to unify",390,21784,1.790305
Kimina-Prover-Distill-8B,Putnam,Tactic failure,"tactic 'ID' failed, equality or iff proof expected",343,21784,1.574550
Kimina-Prover-Distill-8B,Putnam,Unresolved name,"invalid field 'ID', the environment does not contain 'ID'",301,21784,1.381748
Kimina-Prover-Distill-8B,Putnam,Type mismatch,function expected at 'ID',236,21784,1.083364
Kimina-Prover-Distill-8B,Putnam,Type mismatch,"invalid projection, structure expected",229,21784,1.051230
Kimina-Prover-Distill-8B,Putnam,Tactic failure,"tactic 'ID' failed, insufficient number of binders",190,21784,0.872200
Kimina-Prover-Distill-8B,Putnam,Tactic failure,"tactic 'ID' failed, nested error",143,21784,0.656445
Kimina-Prover-Distill-8B,Putnam,Tactic failure,no goals to be solved,141,21784,0.647264
Kimina-Prover-Distill-8B,Putnam,Type mismatch,expected type must not contain free or meta variables,135,21784,0.619721
Kimina-Prover-Distill-8B,Putnam,Tactic failure,"tactic 'ID' failed, major premise type is not an inductive type",127,21784,0.582997
Kimina-Prover-Distill-8B,Putnam,Tactic failure,rcases tactic failed: 'ID' is not an inductive datatype,108,21784,0.495777
Kimina-Prover-Distill-8B,Putnam,Tactic failure,tauto failed to solve some goals.,102,21784,0.468234
Kimina-Prover-Distill-8B,Putnam,Type mismatch,unexpected bound variable #NUM,97,21784,0.445281
Kimina-Prover-Distill-8B,Putnam,Tactic failure,tactic 'ID' failed,83,21784,0.381014
Kimina-Prover-Distill-8B,Putnam,Tactic failure,couldn't rearrange comparison 'TERM',80,21784,0.367242
Kimina-Prover-Distill-8B,Putnam,Tactic failure,"tactic 'ID' failed, 'ID' is not an inductive datatype",79,21784,0.362651
Kimina-Prover-Distill-8B,Putnam,Type mismatch,mod_cast has type,66,21784,0.302975
Kimina-Prover-Distill-8B,Putnam,Tactic failure,'ID' requires a term of the form 'ID' where 'ID' appears in the local context,54,21784,0.247888
Kimina-Prover-Distill-8B,Putnam,Syntax error,unexpected token 'TOKEN'; expected command,49,21784,0.224936
Kimina-Prover-Distill-8B,Putnam,Tactic failure,"tactic 'ID' failed, no applicable constructor found",43,21784,0.197393
Kimina-Prover-Distill-8B,Putnam,Syntax error,unexpected end of input; expected 'TOKEN',41,21784,0.188212
Kimina-Prover-Distill-8B,Putnam,Resource exhaustion,maximum recursion depth has been reached,33,21784,0.151487
Kimina-Prover-Distill-8B,Putnam,Unresolved name,"overloaded, errors",31,21784,0.142306
Kimina-Prover-Distill-8B,Putnam,Type mismatch,"failed to compile definition, consider marking it as 'noncomputable' because it depends on 'ID', and it does not have executable code",29,21784,0.133125
Kimina-Prover-Distill-8B,Putnam,Type mismatch,invalid argument: variable 'ID' is not a proposition or let-declaration,28,21784,0.128535
Kimina-Prover-Distill-8B,Putnam,Tactic failure,failed to prove positivity/nonnegativity/nonzeroness,26,21784,0.119354
Kimina-Prover-Distill-8B,Putnam,Tactic failure,interval_cases failed: could not find upper bound on 'TERM',25,21784,0.114763
Kimina-Prover-Distill-8B,Putnam,Tactic failure,invalid alternative name 'ID',25,21784,0.114763
Kimina-Prover-Distill-8B,Putnam,Tactic failure,"tactic 'ID' failed, requires an inductive type with NUM constructors",22,21784,0.100992
Kimina-Prover-Distill-8B,Putnam,Syntax error,unexpected token 'TOKEN'; expected 'TOKEN',20,21784,0.091811
Kimina-Prover-Distill-8B,Putnam,Type mismatch,"invalid constructor ⟨...⟩, insufficient number of arguments for 'ID'",20,21784,0.091811
Kimina-Prover-Distill-8B,Putnam,Type mismatch,"invalid field notation, function 'ID' does not have an argument with the required receiver type",18,21784,0.082629
Kimina-Prover-Distill-8B,Putnam,Syntax error,expected token,17,21784,0.078039
Kimina-Prover-Distill-8B,Putnam,Type mismatch,"invalid constructor ⟨...⟩, expected type must be an inductive type",17,21784,0.078039
Kimina-Prover-Distill-8B,Putnam,Type mismatch,"invalid projection, the expression",16,21784,0.073448
Kimina-Prover-Distill-8B,Putnam,Syntax error,"unexpected token 'TOKEN'; expected 'TOKEN', 'TOKEN' or 'TOKEN'",15,21784,0.068858
Kimina-Prover-Distill-8B,Putnam,Tactic failure,expected 'ID' or indented tactic sequence,14,21784,0.064267
Kimina-Prover-Distill-8B,Putnam,Tactic failure,"failed to prove strict positivity, but it would be possible to prove nonnegativity if desired",14,21784,0.064267
Kimina-Prover-Distill-8B,Putnam,Unresolved name,unknown tactic 'ID',14,21784,0.064267
Kimina-Prover-Distill-8B,Putnam,Tactic failure,interval_cases failed: could not find lower bound on 'TERM',13,21784,0.059677
Kimina-Prover-Distill-8B,Putnam,Tactic failure,interval_cases failed: unsupported type 'TYPE',13,21784,0.059677
Kimina-Prover-Distill-8B,Putnam,Tactic failure,rcases tactic failed: 'TERM',13,21784,0.059677
Kimina-Prover-Distill-8B,Putnam,Tactic failure,"tactic 'ID' failed, motive is not type correct",13,21784,0.059677
Kimina-Prover-Distill-8B,Putnam,Tactic failure,"failed to prove nonzeroness, but it would be possible to prove nonnegativity if desired",12,21784,0.055086
Kimina-Prover-Distill-8B,Putnam,Type mismatch,"invalid projection, structure has only NUM field(s)",12,21784,0.055086
Kimina-Prover-Distill-8B,Putnam,Tactic failure,"tactic 'ID' failed, failed to prove the goal",11,21784,0.050496
Kimina-Prover-Distill-8B,Putnam,Type mismatch,"numerals are data in Lean, but the expected type is a proposition",11,21784,0.050496
Kimina-Prover-Distill-8B,Putnam,Type mismatch,target,10,21784,0.045905
Kimina-Prover-Distill-8B,Putnam,Missing instance,"typeclass instance problem is stuck, it is often due to metavariables",9,21784,0.041315
Kimina-Prover-Distill-8B,Putnam,Syntax error,unexpected identifier; expected command,9,21784,0.041315
Kimina-Prover-Distill-8B,Putnam,Tactic failure,"aesop: error in norm simp: tactic 'ID' failed, nested error",9,21784,0.041315
Kimina-Prover-Distill-8B,Putnam,Tactic failure,argument passed to nlinarith has metavariables:,7,21784,0.032134
Kimina-Prover-Distill-8B,Putnam,Type mismatch,(kernel) cannot evaluate code because 'ID' uses 'sorry' and/or contains errors,7,21784,0.032134
Kimina-Prover-Distill-8B,Putnam,Type mismatch,"type expected, got",7,21784,0.032134
Kimina-Prover-Distill-8B,Putnam,Tactic failure,"tactic 'ID' failed, pattern is a metavariable",6,21784,0.027543
Kimina-Prover-Distill-8B,Putnam,Tactic failure,"tactic 'ID' failed, possible reasons",6,21784,0.027543
Kimina-Prover-Distill-8B,Putnam,Syntax error,unexpected end of input,5,21784,0.022953
Kimina-Prover-Distill-8B,Putnam,Syntax error,unexpected syntax,5,21784,0.022953
Kimina-Prover-Distill-8B,Putnam,Syntax error,unexpected token 'TOKEN'; expected 'TOKEN' or 'TOKEN',5,21784,0.022953
Kimina-Prover-Distill-8B,Putnam,Tactic failure,not a positivity goal,5,21784,0.022953
Kimina-Prover-Distill-8B,Putnam,Tactic failure,"tactic failed, resulting expression contains metavariables",5,21784,0.022953
Kimina-Prover-Distill-8B,Putnam,Type mismatch,stuck at solving universe constraint,5,21784,0.022953
Kimina-Prover-Distill-8B,Putnam,Syntax error,"unexpected end of input; expected 'TOKEN', 'TOKEN' or 'TOKEN'",4,21784,0.018362
Kimina-Prover-Distill-8B,Putnam,Type mismatch,failed to find 'ID',4,21784,0.018362
Kimina-Prover-Distill-8B,Putnam,Unresolved name,"ambiguous term, use fully qualified name, possible interpretations ['ID']",4,21784,0.018362
Kimina-Prover-Distill-8B,Putnam,Syntax error,unexpected end of input; expected 'TOKEN' or indented tactic sequence,3,21784,0.013772
Kimina-Prover-Distill-8B,Putnam,Syntax error,unexpected identifier; expected 'TOKEN',3,21784,0.013772
Kimina-Prover-Distill-8B,Putnam,Syntax error,unexpected identifier; expected 'TOKEN' or 'TOKEN',3,21784,0.013772
Kimina-Prover-Distill-8B,Putnam,Syntax error,"unexpected identifier; expected 'TOKEN', 'TOKEN' or 'TOKEN'",3,21784,0.013772
Kimina-Prover-Distill-8B,Putnam,Tactic failure,alternative 'ID' has not been provided,3,21784,0.013772
Kimina-Prover-Distill-8B,Putnam,Tactic failure,"tactic 'ID' failed, invalid equality proof, it is not of the form (x = t) or (t = x)",3,21784,0.013772
Kimina-Prover-Distill-8B,Putnam,Tactic failure,too many arguments supplied to 'ID',3,21784,0.013772
Kimina-Prover-Distill-8B,Putnam,Type mismatch,"invalid constructor ⟨...⟩, expected type must be an inductive type with only one constructor",3,21784,0.013772
Kimina-Prover-Distill-8B,Putnam,Type mismatch,"invalid {...} notation, expected type is not known",3,21784,0.013772
Kimina-Prover-Distill-8B,Putnam,Syntax error,unexpected end of input; expected 'TOKEN' or 'TOKEN',2,21784,0.009181
Kimina-Prover-Distill-8B,Putnam,Syntax error,"unexpected end of input; expected 'TOKEN', 'TOKEN', 'TOKEN' or 'TOKEN'",2,21784,0.009181
Kimina-Prover-Distill-8B,Putnam,Syntax error,unexpected token 'TOKEN'; expected 'TOKEN' or identifier,2,21784,0.009181
Kimina-Prover-Distill-8B,Putnam,Syntax error,unexpected token 'TOKEN'; expected term,2,21784,0.009181
Kimina-Prover-Distill-8B,Putnam,Tactic failure,'ID' inapplicable. The goal,2,21784,0.009181
Kimina-Prover-Distill-8B,Putnam,Tactic failure,"'ID' tactic failed, has type",2,21784,0.009181
Kimina-Prover-Distill-8B,Putnam,Tactic failure,'ID' was unable to prove 'ID',2,21784,0.009181
Kimina-Prover-Distill-8B,Putnam,Tactic failure,"tactic 'ID' failed, result is not type correct",2,21784,0.009181
Kimina-Prover-Distill-8B,Putnam,Tactic failure,"too many variable names provided at alternative 'ID', #NUM provided, but #NUM expected",2,21784,0.009181
Kimina-Prover-Distill-8B,Putnam,Tactic failure,unused alternative 'ID',2,21784,0.009181
Kimina-Prover-Distill-8B,Putnam,Unresolved name,'ID' has already been declared,2,21784,0.009181
Kimina-Prover-Distill-8B,Putnam,Syntax error,expected interpolated string,1,21784,0.004591
Kimina-Prover-Distill-8B,Putnam,Syntax error,expected no space before,1,21784,0.004591
Kimina-Prover-Distill-8B,Putnam,Syntax error,missing end of character literal,1,21784,0.004591
Kimina-Prover-Distill-8B,Putnam,Syntax error,"unexpected token 'TOKEN'; expected 'TOKEN', 'TOKEN'",1,21784,0.004591
Kimina-Prover-Distill-8B,Putnam,Syntax error,"unexpected token 'TOKEN'; expected 'TOKEN', 'TOKEN', 'TOKEN', 'TOKEN' or term",1,21784,0.004591
Kimina-Prover-Distill-8B,Putnam,Tactic failure,"apply_fun can only handle hypotheses of the form 'ID', 'ID', 'ID', 'ID'.",1,21784,0.004591
Kimina-Prover-Distill-8B,Putnam,Tactic failure,case tag 'ID' not found,1,21784,0.004591
Kimina-Prover-Distill-8B,Putnam,Tactic failure,"extensionality tactic only applies to equalities, not 'TYPE'",1,21784,0.004591
Kimina-Prover-Distill-8B,Putnam,Tactic failure,failed to rewrite using equation theorems for 'ID',1,21784,0.004591
Kimina-Prover-Distill-8B,Putnam,Tactic failure,insufficient number of targets for 'ID',1,21784,0.004591
Kimina-Prover-Distill-8B,Putnam,Tactic failure,interval_cases failed: could not find bounds on 'TERM',1,21784,0.004591
Kimina-Prover-Distill-8B,Putnam,Tactic failure,"invalid 'ID' tactic, expected type has not been provided",1,21784,0.004591
Kimina-Prover-Distill-8B,Putnam,Tactic failure,"invalid 'ID', proposition expected",1,21784,0.004591
Kimina-Prover-Distill-8B,Putnam,Tactic failure,linarith failed to fin,1,21784,0.004591
Kimina-Prover-Distill-8B,Putnam,Tactic failure,no applicable extensionality theorem found for 'TYPE',1,21784,0.004591
Kimina-Prover-Distill-8B,Putnam,Type mismatch,don't know how to synthesize implicit argument 'ID',1,21784,0.004591
Kimina-Prover-Distill-8B,Putnam,Type mismatch,"failed to elaborate eliminator, insufficient number of arguments, expected type:",1,21784,0.004591
Kimina-Prover-Distill-8B,Putnam,Type mismatch,failed to infer binder type,1,21784,0.004591
Kimina-Prover-Distill-8B,Putnam,Type mismatch,invalid,1,21784,0.004591
Kimina-Prover-Distill-8B,Putnam,Type mismatch,"numerals are data in Lean, but the expected type is universe polymorphic and may be a proposition",1,21784,0.004591
Kimina-Prover-Distill-8B,Putnam,Type mismatch,unexpected term 'ID',1,21784,0.004591
Kimina-Prover-Distill-8B,miniF2F,Tactic failure,linarith failed to find a contradiction,1319,5082,25.954349
Kimina-Prover-Distill-8B,miniF2F,Unsolved goals,unsolved goals,1103,5082,21.704054
Kimina-Prover-Distill-8B,miniF2F,Unresolved name,"ambiguous, possible interpretations",406,5082,7.988981
Kimina-Prover-Distill-8B,miniF2F,Tactic failure,"tactic 'ID' failed, major premise type is not an inductive type",403,5082,7.929949
Kimina-Prover-Distill-8B,miniF2F,Tactic failure,omega could not prove the goal:,353,5082,6.946084
Kimina-Prover-Distill-8B,miniF2F,Tactic failure,"tactic 'ID' failed, did not find the pattern in the target expression",319,5082,6.277056
Kimina-Prover-Distill-8B,miniF2F,Missing instance,failed to synthesize,190,5082,3.738686
Kimina-Prover-Distill-8B,miniF2F,Unresolved name,unknown identifier 'ID',140,5082,2.754821
Kimina-Prover-Distill-8B,miniF2F,Type mismatch,type mismatch,125,5082,2.459662
Kimina-Prover-Distill-8B,miniF2F,Tactic failure,tactic 'ID' made no progress,119,5082,2.341598
Kimina-Prover-Distill-8B,miniF2F,Unresolved name,unknown constant 'ID',97,5082,1.908697
Kimina-Prover-Distill-8B,miniF2F,Tactic failure,"tactic 'ID' failed, failed to unify",87,5082,1.711924
Kimina-Prover-Distill-8B,miniF2F,Type mismatch,mod_cast has type,79,5082,1.554506
Kimina-Prover-Distill-8B,miniF2F,Tactic failure,"tactic 'ID' failed, equality or iff proof expected",70,5082,1.377410
Kimina-Prover-Distill-8B,miniF2F,Tactic failure,"tactic 'ID' failed, 'ID' is not an inductive datatype",36,5082,0.708383
Kimina-Prover-Distill-8B,miniF2F,Tactic failure,no goals to be solved,29,5082,0.570641
Kimina-Prover-Distill-8B,miniF2F,Tactic failure,"tactic 'ID' failed, nested error",29,5082,0.570641
Kimina-Prover-Distill-8B,miniF2F,Resource exhaustion,maximum recursion depth has been reached,27,5082,0.531287
Kimina-Prover-Distill-8B,miniF2F,Type mismatch,application type mismatch,19,5082,0.373869
Kimina-Prover-Distill-8B,miniF2F,Unresolved name,"invalid field 'ID', the environment does not contain 'ID'",19,5082,0.373869
Kimina-Prover-Distill-8B,miniF2F,Tactic failure,failed to prove positivity/nonnegativity/nonzeroness,16,5082,0.314837
Kimina-Prover-Distill-8B,miniF2F,Tactic failure,rcases tactic failed: 'ID' is not an inductive datatype,11,5082,0.216450
Kimina-Prover-Distill-8B,miniF2F,Syntax error,unexpected token 'TOKEN'; expected term,10,5082,0.196773
Kimina-Prover-Distill-8B,miniF2F,Tactic failure,tauto failed to solve some goals.,10,5082,0.196773
Kimina-Prover-Distill-8B,miniF2F,Type mismatch,function expected at 'ID',10,5082,0.196773
Kimina-Prover-Distill-8B,miniF2F,Type mismatch,expected type must not contain free or meta variables,9,5082,0.177096
Kimina-Prover-Distill-8B,miniF2F,Tactic failure,interval_cases failed: unsupported type 'TYPE',8,5082,0.157418
Kimina-Prover-Distill-8B,miniF2F,Tactic failure,rcases tactic failed: 'TERM',5,5082,0.098386
Kimina-Prover-Distill-8B,miniF2F,Syntax error,"unexpected token 'TOKEN'; expected 'TOKEN', 'TOKEN' or 'TOKEN'",3,5082,0.059032
Kimina-Prover-Distill-8B,miniF2F,Tactic failure,expected 'ID' or indented tactic sequence,3,5082,0.059032
Kimina-Prover-Distill-8B,miniF2F,Tactic failure,tactic 'ID' failed,3,5082,0.059032
Kimina-Prover-Distill-8B,miniF2F,Type mismatch,"numerals are data in Lean, but the expected type is a proposition",3,5082,0.059032
Kimina-Prover-Distill-8B,miniF2F,Syntax error,unexpected end of input; expected 'TOKEN',2,5082,0.039355
Kimina-Prover-Distill-8B,miniF2F,Syntax error,unexpected token 'TOKEN'; expected 'TOKEN' or 'TOKEN',2,5082,0.039355
Kimina-Prover-Distill-8B,miniF2F,Tactic failure,"tactic 'ID' failed, insufficient number of binders",2,5082,0.039355
Kimina-Prover-Distill-8B,miniF2F,Tactic failure,"tactic 'ID' failed, requires an inductive type with NUM constructors",2,5082,0.039355
Kimina-Prover-Distill-8B,miniF2F,Type mismatch,"failed to compile definition, consider marking it as 'noncomputable' because it depends on 'ID', and it does not have executable code",2,5082,0.039355
Kimina-Prover-Distill-8B,miniF2F,Type mismatch,"invalid field notation, type is not of the form (C ...) where C is a constant",2,5082,0.039355
Kimina-Prover-Distill-8B,miniF2F,Type mismatch,target,2,5082,0.039355
Kimina-Prover-Distill-8B,miniF2F,Syntax error,unexpected end of input,1,5082,0.019677
Kimina-Prover-Distill-8B,miniF2F,Syntax error,unexpected identifier; expected command,1,5082,0.019677
Kimina-Prover-Distill-8B,miniF2F,Syntax error,unexpected token 'TOKEN'; expected command,1,5082,0.019677
Kimina-Prover-Distill-8B,miniF2F,Tactic failure,alternative 'ID' has not been provided,1,5082,0.019677
Kimina-Prover-Distill-8B,miniF2F,Tactic failure,interval_cases failed: could not find bounds on 'TERM',1,5082,0.019677
Kimina-Prover-Distill-8B,miniF2F,Tactic failure,"tactic 'ID' failed, invalid equality proof, it is not of the form (x = t) or (t = x)",1,5082,0.019677
Kimina-Prover-Distill-8B,miniF2F,Tactic failure,unused alternative 'ID',1,5082,0.019677
Kimina-Prover-Distill-8B,miniF2F,Type mismatch,"failed to elaborate eliminator, insufficient number of arguments, expected type:",1,5082,0.019677
Pythagoras-Prover-4B,FATE-H,Unresolved name,unknown constant 'ID',1891,11424,16.552871
Pythagoras-Prover-4B,FATE-H,Unsolved goals,unsolved goals,1837,11424,16.080182
Pythagoras-Prover-4B,FATE-H,Unresolved name,unknown identifier 'ID',1474,11424,12.902661
Pythagoras-Prover-4B,FATE-H,Missing instance,failed to synthesize,1415,11424,12.386204
Pythagoras-Prover-4B,FATE-H,Unresolved name,"invalid field 'ID', the environment does not contain 'ID'",1130,11424,9.891457
Pythagoras-Prover-4B,FATE-H,Type mismatch,type mismatch,610,11424,5.339636
Pythagoras-Prover-4B,FATE-H,Type mismatch,application type mismatch,461,11424,4.035364
Pythagoras-Prover-4B,FATE-H,Tactic failure,tactic 'ID' made no progress,289,11424,2.529762
Pythagoras-Prover-4B,FATE-H,Type mismatch,"invalid field notation, type is not of the form (C ...) where C is a constant",289,11424,2.529762
Pythagoras-Prover-4B,FATE-H,Type mismatch,function expected at 'ID',269,11424,2.354692
Pythagoras-Prover-4B,FATE-H,Tactic failure,"tactic 'ID' failed, equality or iff proof expected",186,11424,1.628151
Pythagoras-Prover-4B,FATE-H,Tactic failure,"tactic 'ID' failed, did not find the pattern in the target expression",158,11424,1.383053
Pythagoras-Prover-4B,FATE-H,Tactic failure,"tactic 'ID' failed, insufficient number of binders",143,11424,1.251751
Pythagoras-Prover-4B,FATE-H,Tactic failure,"tactic 'ID' failed, possible reasons",107,11424,0.936625
Pythagoras-Prover-4B,FATE-H,Tactic failure,"tactic 'ID' failed, failed to unify",100,11424,0.875350
Pythagoras-Prover-4B,FATE-H,Type mismatch,"invalid field notation, function 'ID' does not have an argument with the required receiver type",81,11424,0.709034
Pythagoras-Prover-4B,FATE-H,Syntax error,unexpected token 'TOKEN'; expected 'TOKEN',68,11424,0.595238
Pythagoras-Prover-4B,FATE-H,Type mismatch,"invalid constructor ⟨...⟩, insufficient number of arguments for 'ID'",62,11424,0.542717
Pythagoras-Prover-4B,FATE-H,Tactic failure,no goals to be solved,59,11424,0.516457
Pythagoras-Prover-4B,FATE-H,Type mismatch,"type expected, got",58,11424,0.507703
Pythagoras-Prover-4B,FATE-H,Tactic failure,"tactic 'ID' failed, nested error",50,11424,0.437675
Pythagoras-Prover-4B,FATE-H,Syntax error,unexpected end of input; expected 'TOKEN',48,11424,0.420168
Pythagoras-Prover-4B,FATE-H,Tactic failure,omega could not prove the goal:,43,11424,0.376401
Pythagoras-Prover-4B,FATE-H,Tactic failure,tactic 'ID' failed,43,11424,0.376401
Pythagoras-Prover-4B,FATE-H,Type mismatch,"invalid binder annotation, type is not a class instance",43,11424,0.376401
Pythagoras-Prover-4B,FATE-H,Syntax error,unexpected token 'TOKEN'; expected command,41,11424,0.358894
Pythagoras-Prover-4B,FATE-H,Tactic failure,expected 'ID' or indented tactic sequence,41,11424,0.358894
Pythagoras-Prover-4B,FATE-H,Syntax error,expected token,40,11424,0.350140
Pythagoras-Prover-4B,FATE-H,Type mismatch,"invalid constructor ⟨...⟩, expected type must be an inductive type",37,11424,0.323880
Pythagoras-Prover-4B,FATE-H,Syntax error,unexpected token 'TOKEN'; expected term,30,11424,0.262605
Pythagoras-Prover-4B,FATE-H,Tactic failure,rcases tactic failed: 'ID' is not an inductive datatype,28,11424,0.245098
Pythagoras-Prover-4B,FATE-H,Syntax error,"unexpected token 'TOKEN'; expected 'TOKEN', 'TOKEN' or 'TOKEN'",26,11424,0.227591
Pythagoras-Prover-4B,FATE-H,Tactic failure,linarith failed to find a contradiction,24,11424,0.210084
Pythagoras-Prover-4B,FATE-H,Tactic failure,"tactic 'ID' failed, motive is not type correct",22,11424,0.192577
Pythagoras-Prover-4B,FATE-H,Unresolved name,unknown tactic 'ID',15,11424,0.131303
Pythagoras-Prover-4B,FATE-H,Type mismatch,invalid argument: variable 'ID' is not a proposition or let-declaration,14,11424,0.122549
Pythagoras-Prover-4B,FATE-H,Tactic failure,"invalid 'ID', proposition expected",12,11424,0.105042
Pythagoras-Prover-4B,FATE-H,Missing instance,"typeclass instance problem is stuck, it is often due to metavariables",11,11424,0.096289
Pythagoras-Prover-4B,FATE-H,Syntax error,unexpected identifier; expected 'TOKEN',11,11424,0.096289
Pythagoras-Prover-4B,FATE-H,Tactic failure,case tag 'ID' not found,11,11424,0.096289
Pythagoras-Prover-4B,FATE-H,Type mismatch,cannot coerce,11,11424,0.096289
Pythagoras-Prover-4B,FATE-H,Syntax error,unexpected end of input; expected 'TOKEN' or line break,9,11424,0.078782
Pythagoras-Prover-4B,FATE-H,Type mismatch,mod_cast has type,9,11424,0.078782
Pythagoras-Prover-4B,FATE-H,Type mismatch,"numerals are data in Lean, but the expected type is a proposition",8,11424,0.070028
Pythagoras-Prover-4B,FATE-H,Type mismatch,"invalid projection, structure expected",7,11424,0.061275
Pythagoras-Prover-4B,FATE-H,Type mismatch,"failed to prove index is valid, possible solutions:",6,11424,0.052521
Pythagoras-Prover-4B,FATE-H,Syntax error,"unexpected end of input; expected 'TOKEN', 'TOKEN' or 'TOKEN'",5,11424,0.043768
Pythagoras-Prover-4B,FATE-H,Termination failure,fail to show termination for,5,11424,0.043768
Pythagoras-Prover-4B,FATE-H,Type mismatch,expected type must not contain free or meta variables,5,11424,0.043768
Pythagoras-Prover-4B,FATE-H,Resource exhaustion,maximum recursion depth has been reached,4,11424,0.035014
Pythagoras-Prover-4B,FATE-H,Syntax error,unexpected token 'TOKEN'; expected 'TOKEN' or 'TOKEN',4,11424,0.035014
Pythagoras-Prover-4B,FATE-H,Tactic failure,"'ID' tactic failed, has type",4,11424,0.035014
Pythagoras-Prover-4B,FATE-H,Tactic failure,tactic 'ID' proved that the proposition,4,11424,0.035014
Pythagoras-Prover-4B,FATE-H,Tactic failure,tauto failed to solve some goals.,4,11424,0.035014
Pythagoras-Prover-4B,FATE-H,Type mismatch,expected type must be known,4,11424,0.035014
Pythagoras-Prover-4B,FATE-H,Unresolved name,"ambiguous, possible interpretations",4,11424,0.035014
Pythagoras-Prover-4B,FATE-H,Syntax error,unexpected identifier; expected command,3,11424,0.026261
Pythagoras-Prover-4B,FATE-H,Syntax error,unexpected token 'TOKEN'; expected 'TOKEN' or tactic,3,11424,0.026261
Pythagoras-Prover-4B,FATE-H,Syntax error,"unexpected token 'TOKEN'; expected 'TOKEN', 'TOKEN'",3,11424,0.026261
Pythagoras-Prover-4B,FATE-H,Tactic failure,alternative 'ID' has not been provided,3,11424,0.026261
Pythagoras-Prover-4B,FATE-H,Unresolved name,'ID' is not a field of structure 'ID',3,11424,0.026261
Pythagoras-Prover-4B,FATE-H,Unresolved name,"overloaded, errors",3,11424,0.026261
Pythagoras-Prover-4B,FATE-H,Syntax error,unexpected end of input,2,11424,0.017507
Pythagoras-Prover-4B,FATE-H,Syntax error,"unexpected identifier; expected 'TOKEN', 'TOKEN' or 'TOKEN'",2,11424,0.017507
Pythagoras-Prover-4B,FATE-H,Syntax error,unexpected token 'TOKEN'; expected 'TOKEN' or term,2,11424,0.017507
Pythagoras-Prover-4B,FATE-H,Tactic failure,rcases tactic failed: 'TERM',2,11424,0.017507
Pythagoras-Prover-4B,FATE-H,Tactic failure,"ring failed, ring expressions not equal",2,11424,0.017507
Pythagoras-Prover-4B,FATE-H,Tactic failure,"tactic 'ID' failed, 'ID' is not an inductive datatype",2,11424,0.017507
Pythagoras-Prover-4B,FATE-H,Tactic failure,"tactic 'ID' failed, major premise type is not an inductive type",2,11424,0.017507
Pythagoras-Prover-4B,FATE-H,Tactic failure,"tactic 'ID' failed, pattern is a metavariable",2,11424,0.017507
Pythagoras-Prover-4B,FATE-H,Tactic failure,too many arguments supplied to 'ID',2,11424,0.017507
Pythagoras-Prover-4B,FATE-H,Missing instance,type class instance expected,1,11424,0.008754
Pythagoras-Prover-4B,FATE-H,Syntax error,expected 'TOKEN' or line break,1,11424,0.008754
Pythagoras-Prover-4B,FATE-H,Syntax error,unexpected end of input; expected 'TOKEN' or 'TOKEN',1,11424,0.008754
Pythagoras-Prover-4B,FATE-H,Syntax error,"unexpected end of input; expected 'TOKEN', 'TOKEN', 'TOKEN' or 'TOKEN'",1,11424,0.008754
Pythagoras-Prover-4B,FATE-H,Syntax error,"unexpected token 'TOKEN'; expected 'TOKEN', 'TOKEN', 'TOKEN' or 'TOKEN'",1,11424,0.008754
Pythagoras-Prover-4B,FATE-H,Syntax error,"unexpected token 'TOKEN'; expected 'TOKEN', 'TOKEN', 'TOKEN', 'TOKEN' or term",1,11424,0.008754
Pythagoras-Prover-4B,FATE-H,Syntax error,"unexpected token 'TOKEN'; expected 'TOKEN', 'TOKEN', identifier or term",1,11424,0.008754
Pythagoras-Prover-4B,FATE-H,Tactic failure,'ID' requires a term of the form 'ID' where 'ID' appears in the local context,1,11424,0.008754
Pythagoras-Prover-4B,FATE-H,Tactic failure,failed to rewrite using equation theorems for 'ID',1,11424,0.008754
Pythagoras-Prover-4B,FATE-H,Tactic failure,tactic 'ID' failed for proposition,1,11424,0.008754
Pythagoras-Prover-4B,FATE-H,Tactic failure,tactic 'ID' has not been implemented,1,11424,0.008754
Pythagoras-Prover-4B,FATE-H,Type mismatch,"(↑) must have a function type, not",1,11424,0.008754
Pythagoras-Prover-4B,FATE-H,Type mismatch,"invalid 'ID' step, left-hand side is",1,11424,0.008754
Pythagoras-Prover-4B,FATE-H,Type mismatch,invalid argument name 'ID' for function 'ID',1,11424,0.008754
Pythagoras-Prover-4B,FATE-H,Type mismatch,"invalid field notation, identifier or numeral expected",1,11424,0.008754
Pythagoras-Prover-4B,FATE-H,Type mismatch,stuck at solving universe constraint,1,11424,0.008754
Pythagoras-Prover-4B,FATE-H,Type mismatch,unexpected relation type,1,11424,0.008754
Pythagoras-Prover-4B,FATE-H,Type mismatch,unknown metavariable 'ID',1,11424,0.008754
Pythagoras-Prover-4B,FATE-M,Missing instance,failed to synthesize,3315,18138,18.276546
Pythagoras-Prover-4B,FATE-M,Unsolved goals,unsolved goals,2708,18138,14.929981
Pythagoras-Prover-4B,FATE-M,Unresolved name,unknown constant 'ID',2566,18138,14.147094
Pythagoras-Prover-4B,FATE-M,Unresolved name,unknown identifier 'ID',1477,18138,8.143125
Pythagoras-Prover-4B,FATE-M,Unresolved name,"invalid field 'ID', the environment does not contain 'ID'",1370,18138,7.553203
Pythagoras-Prover-4B,FATE-M,Type mismatch,type mismatch,1109,18138,6.114235
Pythagoras-Prover-4B,FATE-M,Type mismatch,application type mismatch,801,18138,4.416143
Pythagoras-Prover-4B,FATE-M,Tactic failure,"tactic 'ID' failed, equality or iff proof expected",738,18138,4.068806
Pythagoras-Prover-4B,FATE-M,Tactic failure,tactic 'ID' made no progress,586,18138,3.230786
Pythagoras-Prover-4B,FATE-M,Type mismatch,"invalid field notation, type is not of the form (C ...) where C is a constant",502,18138,2.767670
Pythagoras-Prover-4B,FATE-M,Tactic failure,"tactic 'ID' failed, did not find the pattern in the target expression",487,18138,2.684971
Pythagoras-Prover-4B,FATE-M,Tactic failure,"tactic 'ID' failed, failed to unify",297,18138,1.637446
Pythagoras-Prover-4B,FATE-M,Tactic failure,"tactic 'ID' failed, insufficient number of binders",283,18138,1.560260
Pythagoras-Prover-4B,FATE-M,Type mismatch,function expected at 'ID',171,18138,0.942772
Pythagoras-Prover-4B,FATE-M,Tactic failure,omega could not prove the goal:,155,18138,0.854559
Pythagoras-Prover-4B,FATE-M,Type mismatch,"invalid constructor ⟨...⟩, expected type must be an inductive type",147,18138,0.810453
Pythagoras-Prover-4B,FATE-M,Tactic failure,rcases tactic failed: 'ID' is not an inductive datatype,139,18138,0.766347
Pythagoras-Prover-4B,FATE-M,Tactic failure,"tactic 'ID' failed, nested error",118,18138,0.650568
Pythagoras-Prover-4B,FATE-M,Type mismatch,"invalid field notation, function 'ID' does not have an argument with the required receiver type",99,18138,0.545815
Pythagoras-Prover-4B,FATE-M,Unresolved name,unknown tactic 'ID',84,18138,0.463116
Pythagoras-Prover-4B,FATE-M,Tactic failure,no goals to be solved,78,18138,0.430036
Pythagoras-Prover-4B,FATE-M,Syntax error,unexpected token 'TOKEN'; expected 'TOKEN',76,18138,0.419010
Pythagoras-Prover-4B,FATE-M,Tactic failure,linarith failed to find a contradiction,70,18138,0.385930
Pythagoras-Prover-4B,FATE-M,Tactic failure,"invalid 'ID', proposition expected",66,18138,0.363877
Pythagoras-Prover-4B,FATE-M,Tactic failure,tactic 'ID' failed,65,18138,0.358364
Pythagoras-Prover-4B,FATE-M,Type mismatch,"invalid 'ID' step, left-hand side is",51,18138,0.281178
Pythagoras-Prover-4B,FATE-M,Type mismatch,invalid argument: variable 'ID' is not a proposition or let-declaration,43,18138,0.237071
Pythagoras-Prover-4B,FATE-M,Termination failure,fail to show termination for,34,18138,0.187452
Pythagoras-Prover-4B,FATE-M,Type mismatch,"invalid constructor ⟨...⟩, insufficient number of arguments for 'ID'",32,18138,0.176425
Pythagoras-Prover-4B,FATE-M,Syntax error,unexpected token 'TOKEN'; expected command,31,18138,0.170912
Pythagoras-Prover-4B,FATE-M,Tactic failure,"'ID' tactic failed, has type",29,18138,0.159885
Pythagoras-Prover-4B,FATE-M,Syntax error,expected token,27,18138,0.148859
Pythagoras-Prover-4B,FATE-M,Tactic failure,"tactic 'ID' failed, possible reasons",27,18138,0.148859
Pythagoras-Prover-4B,FATE-M,Syntax error,unexpected identifier; expected 'TOKEN',25,18138,0.137832
Pythagoras-Prover-4B,FATE-M,Syntax error,"unexpected token 'TOKEN'; expected 'TOKEN', 'TOKEN' or 'TOKEN'",21,18138,0.115779
Pythagoras-Prover-4B,FATE-M,Type mismatch,"invalid projection, structure expected",18,18138,0.099239
Pythagoras-Prover-4B,FATE-M,Unresolved name,'ID' is not a field of structure 'ID',18,18138,0.099239
Pythagoras-Prover-4B,FATE-M,Tactic failure,"tactic 'ID' failed, motive is not type correct",16,18138,0.088213
Pythagoras-Prover-4B,FATE-M,Missing instance,"typeclass instance problem is stuck, it is often due to metavariables",15,18138,0.082699
Pythagoras-Prover-4B,FATE-M,Tactic failure,expected 'ID' or indented tactic sequence,15,18138,0.082699
Pythagoras-Prover-4B,FATE-M,Syntax error,unexpected end of input; expected 'TOKEN',14,18138,0.077186
Pythagoras-Prover-4B,FATE-M,Tactic failure,interval_cases failed: could not find upper bound on 'TERM',14,18138,0.077186
Pythagoras-Prover-4B,FATE-M,Type mismatch,"type expected, got",14,18138,0.077186
Pythagoras-Prover-4B,FATE-M,Tactic failure,tauto failed to solve some goals.,13,18138,0.071673
Pythagoras-Prover-4B,FATE-M,Missing instance,"invalid 'TYPE' step, failed to synthesize 'TYPE' instance",12,18138,0.066159
Pythagoras-Prover-4B,FATE-M,Tactic failure,"failed to prove strict positivity, but it would be possible to prove nonnegativity if desired",12,18138,0.066159
Pythagoras-Prover-4B,FATE-M,Tactic failure,"tactic 'ID' failed, major premise type is not an inductive type",12,18138,0.066159
Pythagoras-Prover-4B,FATE-M,Tactic failure,"tactic 'ID' failed, 'ID' is not an inductive datatype",11,18138,0.060646
Pythagoras-Prover-4B,FATE-M,Type mismatch,"numerals are data in Lean, but the expected type is a proposition",10,18138,0.055133
Pythagoras-Prover-4B,FATE-M,Unresolved name,"overloaded, errors",10,18138,0.055133
Pythagoras-Prover-4B,FATE-M,Tactic failure,"aesop: error in norm simp: tactic 'ID' failed, nested error",9,18138,0.049620
Pythagoras-Prover-4B,FATE-M,Tactic failure,"tactic 'ID' failed, invalid equality proof, it is not of the form (x = t) or (t = x)",9,18138,0.049620
Pythagoras-Prover-4B,FATE-M,Syntax error,unexpected token 'TOKEN'; expected term,8,18138,0.044106
Pythagoras-Prover-4B,FATE-M,Syntax error,"unexpected identifier; expected 'TOKEN', 'TOKEN' or 'TOKEN'",7,18138,0.038593
Pythagoras-Prover-4B,FATE-M,Type mismatch,mod_cast has type,7,18138,0.038593
Pythagoras-Prover-4B,FATE-M,Tactic failure,failed to rewrite using equation theorems for 'ID',6,18138,0.033080
Pythagoras-Prover-4B,FATE-M,Type mismatch,stuck at solving universe constraint,5,18138,0.027566
Pythagoras-Prover-4B,FATE-M,Syntax error,unexpected identifier; expected command,4,18138,0.022053
Pythagoras-Prover-4B,FATE-M,Syntax error,unexpected token 'TOKEN'; expected 'TOKEN' or tactic,4,18138,0.022053
Pythagoras-Prover-4B,FATE-M,Tactic failure,"tactic 'ID' failed, pattern is a metavariable",4,18138,0.022053
Pythagoras-Prover-4B,FATE-M,Type mismatch,"invalid projection, the expression",4,18138,0.022053
Pythagoras-Prover-4B,FATE-M,Type mismatch,unexpected relation type,4,18138,0.022053
Pythagoras-Prover-4B,FATE-M,Tactic failure,tactic 'ID' proved that the proposition,3,18138,0.016540
Pythagoras-Prover-4B,FATE-M,Type mismatch,"invalid constructor ⟨...⟩, expected type must be an inductive type with only one constructor",3,18138,0.016540
Pythagoras-Prover-4B,FATE-M,Type mismatch,"invalid constructor ⟨...⟩, expected type must be known",3,18138,0.016540
Pythagoras-Prover-4B,FATE-M,Type mismatch,placeholders 'ID' cannot be used where a function is expected,3,18138,0.016540
Pythagoras-Prover-4B,FATE-M,Syntax error,unexpected token 'TOKEN'; expected 'TOKEN' or 'TOKEN',2,18138,0.011027
Pythagoras-Prover-4B,FATE-M,Syntax error,unexpected token 'TOKEN'; expected identifier,2,18138,0.011027
Pythagoras-Prover-4B,FATE-M,Tactic failure,case tag 'ID' not found,2,18138,0.011027
Pythagoras-Prover-4B,FATE-M,Tactic failure,no applicable extensionality theorem found for 'TYPE',2,18138,0.011027
Pythagoras-Prover-4B,FATE-M,Tactic failure,rcases tactic failed: 'TERM',2,18138,0.011027
Pythagoras-Prover-4B,FATE-M,Type mismatch,fields missing: 'ID',2,18138,0.011027
Pythagoras-Prover-4B,FATE-M,Missing instance,type class instance expected,1,18138,0.005513
Pythagoras-Prover-4B,FATE-M,Resource exhaustion,maximum recursion depth has been reached,1,18138,0.005513
Pythagoras-Prover-4B,FATE-M,Syntax error,expected checkColGt,1,18138,0.005513
Pythagoras-Prover-4B,FATE-M,Syntax error,"unexpected token 'TOKEN'; expected 'TOKEN', 'TOKEN', 'TOKEN' or 'TOKEN'",1,18138,0.005513
Pythagoras-Prover-4B,FATE-M,Tactic failure,gcongr did not make progress,1,18138,0.005513
Pythagoras-Prover-4B,FATE-M,Tactic failure,"invalid 'ID' tactic, expected type has not been provided",1,18138,0.005513
Pythagoras-Prover-4B,FATE-M,Tactic failure,"tactic 'ID' failed, no applicable constructor found",1,18138,0.005513
Pythagoras-Prover-4B,FATE-M,Type mismatch,don't know how to synthesize placeholder for argument 'ID',1,18138,0.005513
Pythagoras-Prover-4B,FATE-M,Type mismatch,expected type must not contain free or meta variables,1,18138,0.005513
Pythagoras-Prover-4B,FATE-M,Type mismatch,"invalid field notation, identifier or numeral expected",1,18138,0.005513
Pythagoras-Prover-4B,FATE-M,Type mismatch,"invalid {...} notation, expected type is not of the form (C ...)",1,18138,0.005513
Pythagoras-Prover-4B,FATE-M,Unresolved name,"ambiguous term, use fully qualified name, possible interpretations ['ID']",1,18138,0.005513
Pythagoras-Prover-4B,ProofNet,Unsolved goals,unsolved goals,4582,23164,19.780694
Pythagoras-Prover-4B,ProofNet,Unresolved name,unknown identifier 'ID',2877,23164,12.420135
Pythagoras-Prover-4B,ProofNet,Missing instance,failed to synthesize,2710,23164,11.699188
Pythagoras-Prover-4B,ProofNet,Type mismatch,type mismatch,1924,23164,8.305992
Pythagoras-Prover-4B,ProofNet,Unresolved name,unknown constant 'ID',1904,23164,8.219651
Pythagoras-Prover-4B,ProofNet,Unresolved name,"invalid field 'ID', the environment does not contain 'ID'",1845,23164,7.964946
Pythagoras-Prover-4B,ProofNet,Type mismatch,application type mismatch,1394,23164,6.017959
Pythagoras-Prover-4B,ProofNet,Type mismatch,"invalid field notation, type is not of the form (C ...) where C is a constant",792,23164,3.419099
Pythagoras-Prover-4B,ProofNet,Tactic failure,tactic 'ID' made no progress,587,23164,2.534105
Pythagoras-Prover-4B,ProofNet,Tactic failure,linarith failed to find a contradiction,489,23164,2.111034
Pythagoras-Prover-4B,ProofNet,Tactic failure,"tactic 'ID' failed, equality or iff proof expected",376,23164,1.623208
Pythagoras-Prover-4B,ProofNet,Tactic failure,"tactic 'ID' failed, did not find the pattern in the target expression",364,23164,1.571404
Pythagoras-Prover-4B,ProofNet,Tactic failure,"tactic 'ID' failed, failed to unify",304,23164,1.312381
Pythagoras-Prover-4B,ProofNet,Type mismatch,function expected at 'ID',286,23164,1.234674
Pythagoras-Prover-4B,ProofNet,Tactic failure,omega could not prove the goal:,245,23164,1.057676
Pythagoras-Prover-4B,ProofNet,Tactic failure,"tactic 'ID' failed, insufficient number of binders",213,23164,0.919530
Pythagoras-Prover-4B,ProofNet,Tactic failure,rcases tactic failed: 'ID' is not an inductive datatype,161,23164,0.695044
Pythagoras-Prover-4B,ProofNet,Tactic failure,no goals to be solved,144,23164,0.621654
Pythagoras-Prover-4B,ProofNet,Syntax error,unexpected token 'TOKEN'; expected 'TOKEN',126,23164,0.543948
Pythagoras-Prover-4B,ProofNet,Tactic failure,"tactic 'ID' failed, nested error",126,23164,0.543948
Pythagoras-Prover-4B,ProofNet,Syntax error,unexpected token 'TOKEN'; expected command,120,23164,0.518045
Pythagoras-Prover-4B,ProofNet,Syntax error,unexpected end of input; expected 'TOKEN',115,23164,0.496460
Pythagoras-Prover-4B,ProofNet,Unresolved name,"ambiguous, possible interpretations",91,23164,0.392851
Pythagoras-Prover-4B,ProofNet,Tactic failure,tactic 'ID' failed,86,23164,0.371266
Pythagoras-Prover-4B,ProofNet,Type mismatch,"invalid constructor ⟨...⟩, expected type must be an inductive type",85,23164,0.366949
Pythagoras-Prover-4B,ProofNet,Type mismatch,"type expected, got",83,23164,0.358315
Pythagoras-Prover-4B,ProofNet,Missing instance,"typeclass instance problem is stuck, it is often due to metavariables",71,23164,0.306510
Pythagoras-Prover-4B,ProofNet,Tactic failure,expected 'ID' or indented tactic sequence,68,23164,0.293559
Pythagoras-Prover-4B,ProofNet,Syntax error,unexpected identifier; expected 'TOKEN',63,23164,0.271974
Pythagoras-Prover-4B,ProofNet,Type mismatch,"invalid constructor ⟨...⟩, insufficient number of arguments for 'ID'",56,23164,0.241754
Pythagoras-Prover-4B,ProofNet,Tactic failure,"tactic 'ID' failed, possible reasons",51,23164,0.220169
Pythagoras-Prover-4B,ProofNet,Type mismatch,"numerals are data in Lean, but the expected type is a proposition",51,23164,0.220169
Pythagoras-Prover-4B,ProofNet,Syntax error,expected token,49,23164,0.211535
Pythagoras-Prover-4B,ProofNet,Type mismatch,stuck at solving universe constraint,47,23164,0.202901
Pythagoras-Prover-4B,ProofNet,Syntax error,"unexpected token 'TOKEN'; expected 'TOKEN', 'TOKEN' or 'TOKEN'",40,23164,0.172682
Pythagoras-Prover-4B,ProofNet,Type mismatch,"invalid projection, structure expected",38,23164,0.164048
Pythagoras-Prover-4B,ProofNet,Tactic failure,"tactic 'ID' failed, 'ID' is not an inductive datatype",37,23164,0.159731
Pythagoras-Prover-4B,ProofNet,Unresolved name,"overloaded, errors",36,23164,0.155414
Pythagoras-Prover-4B,ProofNet,Tactic failure,"tactic 'ID' failed, motive is not type correct",28,23164,0.120877
Pythagoras-Prover-4B,ProofNet,Type mismatch,"invalid field notation, function 'ID' does not have an argument with the required receiver type",28,23164,0.120877
Pythagoras-Prover-4B,ProofNet,Unresolved name,'ID' has already been declared,26,23164,0.112243
Pythagoras-Prover-4B,ProofNet,Syntax error,unexpected type ascription,24,23164,0.103609
Pythagoras-Prover-4B,ProofNet,Syntax error,unexpected token 'TOKEN'; expected term,23,23164,0.099292
Pythagoras-Prover-4B,ProofNet,Tactic failure,tauto failed to solve some goals.,23,23164,0.099292
Pythagoras-Prover-4B,ProofNet,Type mismatch,"invalid projection, the expression",23,23164,0.099292
Pythagoras-Prover-4B,ProofNet,Resource exhaustion,maximum recursion depth has been reached,22,23164,0.094975
Pythagoras-Prover-4B,ProofNet,Tactic failure,rcases tactic failed: 'TERM',22,23164,0.094975
Pythagoras-Prover-4B,ProofNet,Syntax error,"unexpected identifier; expected 'TOKEN', 'TOKEN' or 'TOKEN'",20,23164,0.086341
Pythagoras-Prover-4B,ProofNet,Tactic failure,"failed to prove strict positivity, but it would be possible to prove nonnegativity if desired",16,23164,0.069073
Pythagoras-Prover-4B,ProofNet,Tactic failure,tactic 'ID' proved that the proposition,14,23164,0.060439
Pythagoras-Prover-4B,ProofNet,Syntax error,"unexpected end of input; expected 'TOKEN', 'TOKEN' or 'TOKEN'",12,23164,0.051805
Pythagoras-Prover-4B,ProofNet,Type mismatch,invalid argument: variable 'ID' is not a proposition or let-declaration,11,23164,0.047487
Pythagoras-Prover-4B,ProofNet,Type mismatch,mod_cast has type,11,23164,0.047487
Pythagoras-Prover-4B,ProofNet,Unresolved name,unknown tactic 'ID',11,23164,0.047487
Pythagoras-Prover-4B,ProofNet,Syntax error,unexpected end of input,10,23164,0.043170
Pythagoras-Prover-4B,ProofNet,Tactic failure,"tactic 'ID' failed, pattern is a metavariable",9,23164,0.038853
Pythagoras-Prover-4B,ProofNet,Syntax error,unexpected token 'TOKEN'; expected 'TOKEN' or identifier,8,23164,0.034536
Pythagoras-Prover-4B,ProofNet,Syntax error,"unexpected token 'TOKEN'; expected 'TOKEN', 'TOKEN'",8,23164,0.034536
Pythagoras-Prover-4B,ProofNet,Type mismatch,don't know how to synthesize placeholder for argument 'ID',8,23164,0.034536
Pythagoras-Prover-4B,ProofNet,Type mismatch,"invalid 'ID' step, left-hand side is",8,23164,0.034536
Pythagoras-Prover-4B,ProofNet,Missing instance,"invalid 'TYPE' step, failed to synthesize 'TYPE' instance",7,23164,0.030219
Pythagoras-Prover-4B,ProofNet,Type mismatch,unexpected relation type,7,23164,0.030219
Pythagoras-Prover-4B,ProofNet,Tactic failure,"'ID' tactic failed, has type",6,23164,0.025902
Pythagoras-Prover-4B,ProofNet,Type mismatch,failed to solve universe constraint,6,23164,0.025902
Pythagoras-Prover-4B,ProofNet,Type mismatch,"invalid constructor ⟨...⟩, expected type must be an inductive type with only one constructor",6,23164,0.025902
Pythagoras-Prover-4B,ProofNet,Syntax error,missing end of character literal,5,23164,0.021585
Pythagoras-Prover-4B,ProofNet,Syntax error,unexpected token 'TOKEN'; expected 'TOKEN' or 'TOKEN',5,23164,0.021585
Pythagoras-Prover-4B,ProofNet,Syntax error,"unexpected token 'TOKEN'; expected 'TOKEN', 'TOKEN' or identifier",5,23164,0.021585
Pythagoras-Prover-4B,ProofNet,Tactic failure,"aesop: error in norm simp: tactic 'ID' failed, nested error",5,23164,0.021585
Pythagoras-Prover-4B,ProofNet,Tactic failure,case tag 'ID' not found,5,23164,0.021585
Pythagoras-Prover-4B,ProofNet,Tactic failure,interval_cases failed: could not find upper bound on 'TERM',5,23164,0.021585
Pythagoras-Prover-4B,ProofNet,Tactic failure,"tactic 'ID' failed, invalid equality proof, it is not of the form (x = t) or (t = x)",5,23164,0.021585
Pythagoras-Prover-4B,ProofNet,Syntax error,unexpected identifier; expected command,4,23164,0.017268
Pythagoras-Prover-4B,ProofNet,Syntax error,"unexpected token 'TOKEN'; expected 'TOKEN', 'TOKEN', 'TOKEN' or 'TOKEN'",4,23164,0.017268
Pythagoras-Prover-4B,ProofNet,Tactic failure,failed to prove positivity/nonnegativity/nonzeroness,4,23164,0.017268
Pythagoras-Prover-4B,ProofNet,Tactic failure,no applicable extensionality theorem found for 'TYPE',4,23164,0.017268
Pythagoras-Prover-4B,ProofNet,Tactic failure,"tactic 'ID' failed, failed to prove the goal",4,23164,0.017268
Pythagoras-Prover-4B,ProofNet,Tactic failure,"tactic 'ID' failed, major premise type is not an inductive type",4,23164,0.017268
Pythagoras-Prover-4B,ProofNet,Termination failure,fail to show termination for,4,23164,0.017268
Pythagoras-Prover-4B,ProofNet,Unresolved name,"ambiguous term, use fully qualified name, possible interpretations ['ID']",4,23164,0.017268
Pythagoras-Prover-4B,ProofNet,Missing instance,type class instance expected,3,23164,0.012951
Pythagoras-Prover-4B,ProofNet,Syntax error,unexpected token 'TOKEN'; expected 'TOKEN' or tactic,3,23164,0.012951
Pythagoras-Prover-4B,ProofNet,Syntax error,"unexpected token 'TOKEN'; expected 'TOKEN', 'TOKEN', 'TOKEN', 'TOKEN', 'TOKEN' or term",3,23164,0.012951
Pythagoras-Prover-4B,ProofNet,Tactic failure,alternative 'ID' has not been provided,3,23164,0.012951
Pythagoras-Prover-4B,ProofNet,Type mismatch,expected type must not contain free or meta variables,3,23164,0.012951
Pythagoras-Prover-4B,ProofNet,Type mismatch,invalid argument name 'ID' for function 'ID',3,23164,0.012951
Pythagoras-Prover-4B,ProofNet,Type mismatch,"invalid field notation, identifier or numeral expected",3,23164,0.012951
Pythagoras-Prover-4B,ProofNet,Unresolved name,'ID' is not a field of structure 'ID',3,23164,0.012951
Pythagoras-Prover-4B,ProofNet,Syntax error,expected no space before,2,23164,0.008634
Pythagoras-Prover-4B,ProofNet,Syntax error,unexpected syntax,2,23164,0.008634
Pythagoras-Prover-4B,ProofNet,Syntax error,"unexpected token 'TOKEN'; expected 'TOKEN', 'TOKEN', 'TOKEN', 'TOKEN' or term",2,23164,0.008634
Pythagoras-Prover-4B,ProofNet,Tactic failure,'ID' requires a term of the form 'ID' where 'ID' appears in the local context,2,23164,0.008634
Pythagoras-Prover-4B,ProofNet,Tactic failure,failed to rewrite using equation theorems for 'ID',2,23164,0.008634
Pythagoras-Prover-4B,ProofNet,Tactic failure,interval_cases failed: unsupported type 'TYPE',2,23164,0.008634
Pythagoras-Prover-4B,ProofNet,Tactic failure,invalid alternative name 'ID',2,23164,0.008634
Pythagoras-Prover-4B,ProofNet,Tactic failure,"tactic 'ID' failed, did not find equation for eliminating 'ID'",2,23164,0.008634
Pythagoras-Prover-4B,ProofNet,Type mismatch,don't know how to synthesize implicit argument 'ID',2,23164,0.008634
Pythagoras-Prover-4B,ProofNet,Missing instance,"synthesized type class instance is not definitionally equal to expression inferred by typing rules, synthesized",1,23164,0.004317
Pythagoras-Prover-4B,ProofNet,Syntax error,expected 'TOKEN' or line break,1,23164,0.004317
Pythagoras-Prover-4B,ProofNet,Syntax error,"invalid use of 'TOKEN', must be nested inside a 'TOKEN' expression",1,23164,0.004317
Pythagoras-Prover-4B,ProofNet,Syntax error,unexpected end of input; expected 'TOKEN' or 'TOKEN',1,23164,0.004317
Pythagoras-Prover-4B,ProofNet,Syntax error,"unexpected end of input; expected 'TOKEN', 'TOKEN', 'TOKEN' or 'TOKEN'",1,23164,0.004317
Pythagoras-Prover-4B,ProofNet,Syntax error,unexpected identifier; expected 'TOKEN' or 'TOKEN',1,23164,0.004317
Pythagoras-Prover-4B,ProofNet,Syntax error,unexpected identifier; expected numeral,1,23164,0.004317
Pythagoras-Prover-4B,ProofNet,Syntax error,"unexpected token 'TOKEN'; expected 'TOKEN', 'TOKEN' or term",1,23164,0.004317
Pythagoras-Prover-4B,ProofNet,Syntax error,"unexpected token 'TOKEN'; expected 'TOKEN', 'TOKEN', 'TOKEN', 'TOKEN', 'TOKEN', identifier or term",1,23164,0.004317
Pythagoras-Prover-4B,ProofNet,Syntax error,"unexpected token 'TOKEN'; expected 'TOKEN', 'TOKEN', identifier or term",1,23164,0.004317
Pythagoras-Prover-4B,ProofNet,Syntax error,unexpected token 'TOKEN'; expected rcasesPat,1,23164,0.004317
Pythagoras-Prover-4B,ProofNet,Tactic failure,"dependent elimination failed, failed to solve equation",1,23164,0.004317
Pythagoras-Prover-4B,ProofNet,Tactic failure,"error in Linarith.normalizeDenominatorsLHS: tactic 'ID' failed, did not find instance of the pattern in the target expression",1,23164,0.004317
Pythagoras-Prover-4B,ProofNet,Tactic failure,"extensionality tactic only applies to equalities, not 'TYPE'",1,23164,0.004317
Pythagoras-Prover-4B,ProofNet,Tactic failure,"failed to prove nonzeroness, but it would be possible to prove nonnegativity if desired",1,23164,0.004317
Pythagoras-Prover-4B,ProofNet,Tactic failure,"tactic 'ID' failed, no applicable constructor found",1,23164,0.004317
Pythagoras-Prover-4B,ProofNet,Tactic failure,"tactic 'ID' failed, no if-then-else conditions to split",1,23164,0.004317
Pythagoras-Prover-4B,ProofNet,Tactic failure,too many arguments supplied to 'ID',1,23164,0.004317
Pythagoras-Prover-4B,ProofNet,Type mismatch,failed to infer 'ID' declaration type,1,23164,0.004317
Pythagoras-Prover-4B,ProofNet,Type mismatch,"invalid pattern variable 'ID', must be atomic",1,23164,0.004317
Pythagoras-Prover-4B,ProofNet,Type mismatch,invalid pattern: constructor or constant marked with 'ID' expected,1,23164,0.004317
Pythagoras-Prover-4B,ProofNet,Type mismatch,"invalid projection, structure has only NUM field(s)",1,23164,0.004317
Pythagoras-Prover-4B,Putnam,Unsolved goals,unsolved goals,22676,64329,35.250043
Pythagoras-Prover-4B,Putnam,Unresolved name,unknown identifier 'ID',5400,64329,8.394348
Pythagoras-Prover-4B,Putnam,Type mismatch,type mismatch,4837,64329,7.519159
Pythagoras-Prover-4B,Putnam,Tactic failure,linarith failed to find a contradiction,4724,64329,7.343500
Pythagoras-Prover-4B,Putnam,Missing instance,failed to synthesize,3685,64329,5.728365
Pythagoras-Prover-4B,Putnam,Type mismatch,application type mismatch,3269,64329,5.081689
Pythagoras-Prover-4B,Putnam,Unresolved name,unknown constant 'ID',2122,64329,3.298668
Pythagoras-Prover-4B,Putnam,Tactic failure,tactic 'ID' made no progress,2105,64329,3.272241
Pythagoras-Prover-4B,Putnam,Unresolved name,"invalid field 'ID', the environment does not contain 'ID'",1450,64329,2.254038
Pythagoras-Prover-4B,Putnam,Tactic failure,omega could not prove the goal:,1365,64329,2.121905
Pythagoras-Prover-4B,Putnam,Tactic failure,"tactic 'ID' failed, did not find the pattern in the target expression",1235,64329,1.919818
Pythagoras-Prover-4B,Putnam,Type mismatch,"invalid field notation, type is not of the form (C ...) where C is a constant",1164,64329,1.809448
Pythagoras-Prover-4B,Putnam,Type mismatch,function expected at 'ID',833,64329,1.294906
Pythagoras-Prover-4B,Putnam,Tactic failure,"tactic 'ID' failed, possible reasons",733,64329,1.139455
Pythagoras-Prover-4B,Putnam,Tactic failure,"tactic 'ID' failed, nested error",728,64329,1.131682
Pythagoras-Prover-4B,Putnam,Tactic failure,"tactic 'ID' failed, failed to unify",702,64329,1.091265
Pythagoras-Prover-4B,Putnam,Syntax error,unexpected end of input; expected 'TOKEN',541,64329,0.840989
Pythagoras-Prover-4B,Putnam,Tactic failure,"tactic 'ID' failed, equality or iff proof expected",419,64329,0.651339
Pythagoras-Prover-4B,Putnam,Syntax error,unexpected token 'TOKEN'; expected 'TOKEN',379,64329,0.589159
Pythagoras-Prover-4B,Putnam,Tactic failure,expected 'ID' or indented tactic sequence,360,64329,0.559623
Pythagoras-Prover-4B,Putnam,Tactic failure,no goals to be solved,347,64329,0.539415
Pythagoras-Prover-4B,Putnam,Tactic failure,"tactic 'ID' failed, insufficient number of binders",346,64329,0.537860
Pythagoras-Prover-4B,Putnam,Syntax error,unexpected token 'TOKEN'; expected 'TOKEN' or tactic,335,64329,0.520760
Pythagoras-Prover-4B,Putnam,Type mismatch,"invalid constructor ⟨...⟩, expected type must be an inductive type",281,64329,0.436817
Pythagoras-Prover-4B,Putnam,Type mismatch,"invalid projection, structure expected",247,64329,0.383964
Pythagoras-Prover-4B,Putnam,Tactic failure,tactic 'ID' failed,239,64329,0.371528
Pythagoras-Prover-4B,Putnam,Resource exhaustion,maximum recursion depth has been reached,202,64329,0.314011
Pythagoras-Prover-4B,Putnam,Unresolved name,unknown tactic 'ID',198,64329,0.307793
Pythagoras-Prover-4B,Putnam,Type mismatch,"numerals are data in Lean, but the expected type is a proposition",188,64329,0.292248
Pythagoras-Prover-4B,Putnam,Unresolved name,'ID' has already been declared,178,64329,0.276703
Pythagoras-Prover-4B,Putnam,Type mismatch,mod_cast has type,175,64329,0.272039
Pythagoras-Prover-4B,Putnam,Tactic failure,rcases tactic failed: 'ID' is not an inductive datatype,158,64329,0.245612
Pythagoras-Prover-4B,Putnam,Type mismatch,"invalid field notation, function 'ID' does not have an argument with the required receiver type",116,64329,0.180323
Pythagoras-Prover-4B,Putnam,Syntax error,unexpected identifier; expected 'TOKEN',106,64329,0.164778
Pythagoras-Prover-4B,Putnam,Tactic failure,tauto failed to solve some goals.,103,64329,0.160114
Pythagoras-Prover-4B,Putnam,Missing instance,"typeclass instance problem is stuck, it is often due to metavariables",101,64329,0.157005
Pythagoras-Prover-4B,Putnam,Type mismatch,"invalid constructor ⟨...⟩, expected type must be an inductive type with only one constructor",99,64329,0.153896
Pythagoras-Prover-4B,Putnam,Syntax error,"unexpected token 'TOKEN'; expected 'TOKEN', 'TOKEN' or 'TOKEN'",89,64329,0.138351
Pythagoras-Prover-4B,Putnam,Type mismatch,invalid argument: variable 'ID' is not a proposition or let-declaration,86,64329,0.133688
Pythagoras-Prover-4B,Putnam,Type mismatch,"invalid constructor ⟨...⟩, insufficient number of arguments for 'ID'",86,64329,0.133688
Pythagoras-Prover-4B,Putnam,Syntax error,unexpected token 'TOKEN'; expected command,84,64329,0.130579
Pythagoras-Prover-4B,Putnam,Type mismatch,"type expected, got",83,64329,0.129024
Pythagoras-Prover-4B,Putnam,Type mismatch,unexpected bound variable #NUM,83,64329,0.129024
Pythagoras-Prover-4B,Putnam,Tactic failure,"tactic 'ID' failed, 'ID' is not an inductive datatype",81,64329,0.125915
Pythagoras-Prover-4B,Putnam,Unresolved name,"overloaded, errors",79,64329,0.122806
Pythagoras-Prover-4B,Putnam,Syntax error,unexpected end of input,73,64329,0.113479
Pythagoras-Prover-4B,Putnam,Tactic failure,"failed to prove strict positivity, but it would be possible to prove nonnegativity if desired",69,64329,0.107261
Pythagoras-Prover-4B,Putnam,Tactic failure,failed to prove positivity/nonnegativity/nonzeroness,68,64329,0.105707
Pythagoras-Prover-4B,Putnam,Tactic failure,"'ID' tactic failed, has type",58,64329,0.090162
Pythagoras-Prover-4B,Putnam,Tactic failure,interval_cases failed: could not find upper bound on 'TERM',58,64329,0.090162
Pythagoras-Prover-4B,Putnam,Syntax error,expected token,55,64329,0.085498
Pythagoras-Prover-4B,Putnam,Syntax error,unexpected token 'TOKEN'; expected term,54,64329,0.083943
Pythagoras-Prover-4B,Putnam,Tactic failure,tactic 'ID' proved that the proposition,47,64329,0.073062
Pythagoras-Prover-4B,Putnam,Tactic failure,not a positivity goal,45,64329,0.069953
Pythagoras-Prover-4B,Putnam,Resource exhaustion,"simp failed, maximum number of steps exceeded",44,64329,0.068398
Pythagoras-Prover-4B,Putnam,Syntax error,"unexpected identifier; expected 'TOKEN', 'TOKEN' or 'TOKEN'",42,64329,0.065289
Pythagoras-Prover-4B,Putnam,Tactic failure,no applicable extensionality theorem found for 'TYPE',42,64329,0.065289
Pythagoras-Prover-4B,Putnam,Tactic failure,"tactic 'ID' failed, failed to prove the goal",41,64329,0.063735
Pythagoras-Prover-4B,Putnam,Unresolved name,"ambiguous, possible interpretations",40,64329,0.062180
Pythagoras-Prover-4B,Putnam,Tactic failure,"tactic 'ID' failed, invalid equality proof, it is not of the form (x = t) or (t = x)",38,64329,0.059071
Pythagoras-Prover-4B,Putnam,Syntax error,"unexpected end of input; expected 'TOKEN', 'TOKEN' or 'TOKEN'",37,64329,0.057517
Pythagoras-Prover-4B,Putnam,Tactic failure,tactic 'ID' failed for proposition,34,64329,0.052853
Pythagoras-Prover-4B,Putnam,Tactic failure,"tactic 'ID' failed, major premise type is not an inductive type",33,64329,0.051299
Pythagoras-Prover-4B,Putnam,Type mismatch,expected type must not contain free or meta variables,31,64329,0.048190
Pythagoras-Prover-4B,Putnam,Tactic failure,"tactic 'ID' failed, motive is not type correct",29,64329,0.045081
Pythagoras-Prover-4B,Putnam,Type mismatch,stuck at solving universe constraint,28,64329,0.043526
Pythagoras-Prover-4B,Putnam,Missing instance,"invalid 'TYPE' step, failed to synthesize 'TYPE' instance",27,64329,0.041972
Pythagoras-Prover-4B,Putnam,Tactic failure,"aesop: error in norm simp: tactic 'ID' failed, nested error",26,64329,0.040417
Pythagoras-Prover-4B,Putnam,Tactic failure,rcases tactic failed: 'TERM',25,64329,0.038863
Pythagoras-Prover-4B,Putnam,Tactic failure,"extensionality tactic only applies to equalities, not 'TYPE'",23,64329,0.035754
Pythagoras-Prover-4B,Putnam,Tactic failure,invalid alternative name 'ID',23,64329,0.035754
Pythagoras-Prover-4B,Putnam,Type mismatch,invalid pattern: constructor or constant marked with 'ID' expected,19,64329,0.029536
Pythagoras-Prover-4B,Putnam,Tactic failure,"tactic 'ID' failed, no if-then-else conditions to split",16,64329,0.024872
Pythagoras-Prover-4B,Putnam,Type mismatch,"invalid projection, the expression",16,64329,0.024872
Pythagoras-Prover-4B,Putnam,Tactic failure,case tag 'ID' not found,15,64329,0.023318
Pythagoras-Prover-4B,Putnam,Type mismatch,"invalid projection, structure has only NUM field(s)",15,64329,0.023318
Pythagoras-Prover-4B,Putnam,Syntax error,"unexpected token 'TOKEN'; expected 'TOKEN', 'TOKEN'",13,64329,0.020209
Pythagoras-Prover-4B,Putnam,Type mismatch,don't know how to synthesize placeholder for argument 'ID',13,64329,0.020209
Pythagoras-Prover-4B,Putnam,Tactic failure,alternative 'ID' has not been provided,12,64329,0.018654
Pythagoras-Prover-4B,Putnam,Tactic failure,"failed to prove nonzeroness, but it would be possible to prove nonnegativity if desired",12,64329,0.018654
Pythagoras-Prover-4B,Putnam,Tactic failure,too many arguments supplied to 'ID',12,64329,0.018654
Pythagoras-Prover-4B,Putnam,Unresolved name,'ID' is not a field of structure 'ID',12,64329,0.018654
Pythagoras-Prover-4B,Putnam,Tactic failure,"tactic 'ID' failed, pattern is a metavariable",11,64329,0.017100
Pythagoras-Prover-4B,Putnam,Type mismatch,don't know how to synthesize implicit argument 'ID',11,64329,0.017100
Pythagoras-Prover-4B,Putnam,Syntax error,unexpected token 'TOKEN'; expected 'TOKEN' or 'TOKEN',10,64329,0.015545
Pythagoras-Prover-4B,Putnam,Syntax error,unexpected identifier; expected command,9,64329,0.013991
Pythagoras-Prover-4B,Putnam,Tactic failure,"invalid 'ID' tactic, expected type has not been provided",9,64329,0.013991
Pythagoras-Prover-4B,Putnam,Type mismatch,"invalid 'ID' step, left-hand side is",9,64329,0.013991
Pythagoras-Prover-4B,Putnam,Syntax error,expected no space before,8,64329,0.012436
Pythagoras-Prover-4B,Putnam,Syntax error,"unexpected end of input; expected 'TOKEN', 'TOKEN', 'TOKEN' or 'TOKEN'",8,64329,0.012436
Pythagoras-Prover-4B,Putnam,Tactic failure,"tactic 'ID' failed, no applicable constructor found",8,64329,0.012436
Pythagoras-Prover-4B,Putnam,Syntax error,expected interpolated string,7,64329,0.010882
Pythagoras-Prover-4B,Putnam,Tactic failure,couldn't rearrange comparison 'TERM',7,64329,0.010882
Pythagoras-Prover-4B,Putnam,Tactic failure,failed to rewrite using equation theorems for 'ID',7,64329,0.010882
Pythagoras-Prover-4B,Putnam,Tactic failure,index in target's type is not a variable (consider using the 'ID' tactic instead),7,64329,0.010882
Pythagoras-Prover-4B,Putnam,Tactic failure,interval_cases failed: unsupported type 'TYPE',7,64329,0.010882
Pythagoras-Prover-4B,Putnam,Type mismatch,failed to infer binder type,7,64329,0.010882
Pythagoras-Prover-4B,Putnam,Type mismatch,"failed to prove index is valid, possible solutions:",7,64329,0.010882
Pythagoras-Prover-4B,Putnam,Type mismatch,"invalid field notation, identifier or numeral expected",7,64329,0.010882
Pythagoras-Prover-4B,Putnam,Unresolved name,"ambiguous term, use fully qualified name, possible interpretations ['ID']",7,64329,0.010882
Pythagoras-Prover-4B,Putnam,Syntax error,unexpected end of input; expected 'TOKEN' or 'TOKEN',6,64329,0.009327
Pythagoras-Prover-4B,Putnam,Syntax error,unexpected token 'TOKEN'; expected 'TOKEN' or identifier,6,64329,0.009327
Pythagoras-Prover-4B,Putnam,Tactic failure,'ID' requires a term of the form 'ID' where 'ID' appears in the local context,6,64329,0.009327
Pythagoras-Prover-4B,Putnam,Tactic failure,"dependent elimination failed, failed to solve equation",6,64329,0.009327
Pythagoras-Prover-4B,Putnam,Tactic failure,gcongr did not make progress,6,64329,0.009327
Pythagoras-Prover-4B,Putnam,Type mismatch,"invalid constructor ⟨...⟩, expected type must be known",6,64329,0.009327
Pythagoras-Prover-4B,Putnam,Type mismatch,unexpected relation type,5,64329,0.007773
Pythagoras-Prover-4B,Putnam,Syntax error,unexpected syntax,4,64329,0.006218
Pythagoras-Prover-4B,Putnam,Syntax error,"unexpected token 'TOKEN'; expected 'TOKEN', 'TOKEN', 'TOKEN', 'TOKEN' or term",4,64329,0.006218
Pythagoras-Prover-4B,Putnam,Syntax error,unexpected type ascription,4,64329,0.006218
Pythagoras-Prover-4B,Putnam,Tactic failure,"invalid 'ID', proposition expected",4,64329,0.006218
Pythagoras-Prover-4B,Putnam,Type mismatch,"invalid {...} notation, expected type is not of the form (C ...)",4,64329,0.006218
Pythagoras-Prover-4B,Putnam,Syntax error,"unexpected end of input; expected 'TOKEN', 'TOKEN', 'TOKEN', 'TOKEN', 'TOKEN' or identifier",3,64329,0.004664
Pythagoras-Prover-4B,Putnam,Missing instance,aesop: error in norm simp: failed to synthesize,2,64329,0.003109
Pythagoras-Prover-4B,Putnam,Missing instance,type class instance expected,2,64329,0.003109
Pythagoras-Prover-4B,Putnam,Syntax error,missing exponent digits in scientific literal,2,64329,0.003109
Pythagoras-Prover-4B,Putnam,Syntax error,"unexpected end of input; expected 'TOKEN', 'TOKEN', 'TOKEN', 'TOKEN' or 'TOKEN'",2,64329,0.003109
Pythagoras-Prover-4B,Putnam,Syntax error,unexpected token 'TOKEN'; expected 'TOKEN' or term,2,64329,0.003109
Pythagoras-Prover-4B,Putnam,Syntax error,"unexpected token 'TOKEN'; expected 'TOKEN', 'TOKEN' or identifier",2,64329,0.003109
Pythagoras-Prover-4B,Putnam,Syntax error,"unexpected token 'TOKEN'; expected 'TOKEN', 'TOKEN', 'TOKEN' or tactic",2,64329,0.003109
Pythagoras-Prover-4B,Putnam,Syntax error,"unexpected token 'TOKEN'; expected 'TOKEN', 'TOKEN', 'TOKEN', 'TOKEN', 'TOKEN', identifier or term",2,64329,0.003109
Pythagoras-Prover-4B,Putnam,Syntax error,unexpected token 'TOKEN'; expected numeral,2,64329,0.003109
Pythagoras-Prover-4B,Putnam,Syntax error,unexpected token 'TOKEN'; expected rcasesPat,2,64329,0.003109
Pythagoras-Prover-4B,Putnam,Tactic failure,"aesop: error in norm simp: simp failed, maximum number of steps exceeded",2,64329,0.003109
Pythagoras-Prover-4B,Putnam,Tactic failure,aesop: internal error: extracted proof has metavariables.,2,64329,0.003109
Pythagoras-Prover-4B,Putnam,Tactic failure,"error in Linarith.normalizeDenominatorsLHS: tactic 'ID' failed, did not find instance of the pattern in the target expression",2,64329,0.003109
Pythagoras-Prover-4B,Putnam,Tactic failure,"ring failed, ring expressions not equal",2,64329,0.003109
Pythagoras-Prover-4B,Putnam,Tactic failure,"tactic failed, resulting expression contains metavariables",2,64329,0.003109
Pythagoras-Prover-4B,Putnam,Type mismatch,failed to infer 'ID' declaration type,2,64329,0.003109
Pythagoras-Prover-4B,Putnam,Type mismatch,invalid argument name 'ID' for function 'ID',2,64329,0.003109
Pythagoras-Prover-4B,Putnam,Type mismatch,"invalid binder annotation, type is not a class instance",2,64329,0.003109
Pythagoras-Prover-4B,Putnam,Type mismatch,invalid pattern,2,64329,0.003109
Pythagoras-Prover-4B,Putnam,Missing instance,instance does not provide concrete values for (semi-)out-params,1,64329,0.001555
Pythagoras-Prover-4B,Putnam,Syntax error,expected checkColGt,1,64329,0.001555
Pythagoras-Prover-4B,Putnam,Syntax error,missing end of character literal,1,64329,0.001555
Pythagoras-Prover-4B,Putnam,Syntax error,unexpected end of input; expected 'TOKEN' or line break,1,64329,0.001555
Pythagoras-Prover-4B,Putnam,Syntax error,"unexpected end of input; expected 'TOKEN', 'TOKEN'",1,64329,0.001555
Pythagoras-Prover-4B,Putnam,Syntax error,unexpected end of input; expected identifier,1,64329,0.001555
Pythagoras-Prover-4B,Putnam,Syntax error,unexpected identifier; expected 'TOKEN' or 'TOKEN',1,64329,0.001555
Pythagoras-Prover-4B,Putnam,Syntax error,unexpected token 'TOKEN'; expected 'TOKEN' or binderPred,1,64329,0.001555
Pythagoras-Prover-4B,Putnam,Syntax error,"unexpected token 'TOKEN'; expected 'TOKEN', 'TOKEN', 'TOKEN' or 'TOKEN'",1,64329,0.001555
Pythagoras-Prover-4B,Putnam,Syntax error,"unexpected token 'TOKEN'; expected 'TOKEN', 'TOKEN', identifier or term",1,64329,0.001555
Pythagoras-Prover-4B,Putnam,Tactic failure,aesop: error while running norm rule norm|constructors|global|ULift: rule produced more than one subgoal.,1,64329,0.001555
Pythagoras-Prover-4B,Putnam,Tactic failure,error in Linarith.normalizeDenominatorsLHS: Expr.rewrite may not produce subgoals.,1,64329,0.001555
Pythagoras-Prover-4B,Putnam,Tactic failure,"failed to prove strict positivity, but it would be possible to prove nonzeroness if desired",1,64329,0.001555
Pythagoras-Prover-4B,Putnam,Tactic failure,interval_cases failed: could not find bounds on 'TERM',1,64329,0.001555
Pythagoras-Prover-4B,Putnam,Tactic failure,"tactic 'ID' failed, did not find equation for eliminating 'ID'",1,64329,0.001555
Pythagoras-Prover-4B,Putnam,Tactic failure,"tactic 'ID' failed, result is not type correct",1,64329,0.001555
Pythagoras-Prover-4B,Putnam,Type mismatch,cannot evaluate code because 'ID' uses 'ID' and/or contains errors,1,64329,0.001555
Pythagoras-Prover-4B,Putnam,Type mismatch,fields missing: 'ID',1,64329,0.001555
Pythagoras-Prover-4B,Putnam,Type mismatch,the 'ID' notation should not be used with more than one binder.,1,64329,0.001555
Pythagoras-Prover-4B,miniF2F,Unsolved goals,unsolved goals,6085,16965,35.867963
Pythagoras-Prover-4B,miniF2F,Tactic failure,linarith failed to find a contradiction,2662,16965,15.691129
Pythagoras-Prover-4B,miniF2F,Unresolved name,unknown identifier 'ID',1315,16965,7.751253
Pythagoras-Prover-4B,miniF2F,Tactic failure,omega could not prove the goal:,1151,16965,6.784556
Pythagoras-Prover-4B,miniF2F,Type mismatch,type mismatch,1084,16965,6.389626
Pythagoras-Prover-4B,miniF2F,Type mismatch,application type mismatch,928,16965,5.470085
Pythagoras-Prover-4B,miniF2F,Tactic failure,"tactic 'ID' failed, possible reasons",468,16965,2.758621
Pythagoras-Prover-4B,miniF2F,Unresolved name,unknown constant 'ID',451,16965,2.658414
Pythagoras-Prover-4B,miniF2F,Missing instance,failed to synthesize,399,16965,2.351901
Pythagoras-Prover-4B,miniF2F,Tactic failure,"tactic 'ID' failed, did not find the pattern in the target expression",325,16965,1.915709
Pythagoras-Prover-4B,miniF2F,Tactic failure,tactic 'ID' made no progress,280,16965,1.650457
Pythagoras-Prover-4B,miniF2F,Tactic failure,"tactic 'ID' failed, failed to unify",213,16965,1.255526
Pythagoras-Prover-4B,miniF2F,Unresolved name,"invalid field 'ID', the environment does not contain 'ID'",181,16965,1.066902
Pythagoras-Prover-4B,miniF2F,Tactic failure,"tactic 'ID' failed, equality or iff proof expected",151,16965,0.890068
Pythagoras-Prover-4B,miniF2F,Tactic failure,"tactic 'ID' failed, nested error",125,16965,0.736811
Pythagoras-Prover-4B,miniF2F,Tactic failure,no goals to be solved,99,16965,0.583554
Pythagoras-Prover-4B,miniF2F,Type mismatch,function expected at 'ID',83,16965,0.489243
Pythagoras-Prover-4B,miniF2F,Tactic failure,failed to prove positivity/nonnegativity/nonzeroness,79,16965,0.465665
Pythagoras-Prover-4B,miniF2F,Syntax error,unexpected 'TOKEN',69,16965,0.406720
Pythagoras-Prover-4B,miniF2F,Resource exhaustion,maximum recursion depth has been reached,66,16965,0.389036
Pythagoras-Prover-4B,miniF2F,Type mismatch,mod_cast has type,49,16965,0.288830
Pythagoras-Prover-4B,miniF2F,Type mismatch,"invalid field notation, type is not of the form (C ...) where C is a constant",47,16965,0.277041
Pythagoras-Prover-4B,miniF2F,Tactic failure,tactic 'ID' failed,36,16965,0.212202
Pythagoras-Prover-4B,miniF2F,Syntax error,unexpected token 'TOKEN'; expected command,35,16965,0.206307
Pythagoras-Prover-4B,miniF2F,Syntax error,unexpected token 'TOKEN'; expected 'TOKEN',33,16965,0.194518
Pythagoras-Prover-4B,miniF2F,Tactic failure,"tactic 'ID' failed, 'ID' is not an inductive datatype",32,16965,0.188624
Pythagoras-Prover-4B,miniF2F,Tactic failure,"tactic 'ID' failed, insufficient number of binders",26,16965,0.153257
Pythagoras-Prover-4B,miniF2F,Tactic failure,interval_cases failed: could not find upper bound on 'TERM',24,16965,0.141468
Pythagoras-Prover-4B,miniF2F,Tactic failure,"'ID' tactic failed, has type",22,16965,0.129679
Pythagoras-Prover-4B,miniF2F,Type mismatch,"invalid constructor ⟨...⟩, expected type must be an inductive type",22,16965,0.129679
Pythagoras-Prover-4B,miniF2F,Tactic failure,"failed to prove strict positivity, but it would be possible to prove nonnegativity if desired",20,16965,0.117890
Pythagoras-Prover-4B,miniF2F,Syntax error,unexpected token 'TOKEN'; expected 'TOKEN' or 'TOKEN',18,16965,0.106101
Pythagoras-Prover-4B,miniF2F,Tactic failure,alternative 'ID' has not been provided,18,16965,0.106101
Pythagoras-Prover-4B,miniF2F,Syntax error,unexpected end of input; expected 'TOKEN',17,16965,0.100206
Pythagoras-Prover-4B,miniF2F,Tactic failure,tauto failed to solve some goals.,17,16965,0.100206
Pythagoras-Prover-4B,miniF2F,Missing instance,"invalid 'TYPE' step, failed to synthesize 'TYPE' instance",16,16965,0.094312
Pythagoras-Prover-4B,miniF2F,Unresolved name,"ambiguous, possible interpretations",16,16965,0.094312
Pythagoras-Prover-4B,miniF2F,Tactic failure,couldn't rearrange comparison 'TERM',15,16965,0.088417
Pythagoras-Prover-4B,miniF2F,Tactic failure,not a positivity goal,15,16965,0.088417
Pythagoras-Prover-4B,miniF2F,Type mismatch,invalid argument: variable 'ID' is not a proposition or let-declaration,15,16965,0.088417
Pythagoras-Prover-4B,miniF2F,Syntax error,unexpected identifier; expected command,14,16965,0.082523
Pythagoras-Prover-4B,miniF2F,Tactic failure,"tactic 'ID' failed, motive is not type correct",14,16965,0.082523
Pythagoras-Prover-4B,miniF2F,Type mismatch,expected type must not contain free or meta variables,14,16965,0.082523
Pythagoras-Prover-4B,miniF2F,Type mismatch,"invalid projection, structure expected",14,16965,0.082523
Pythagoras-Prover-4B,miniF2F,Tactic failure,invalid alternative name 'ID',12,16965,0.070734
Pythagoras-Prover-4B,miniF2F,Type mismatch,"invalid constructor ⟨...⟩, insufficient number of arguments for 'ID'",12,16965,0.070734
Pythagoras-Prover-4B,miniF2F,Syntax error,unexpected token 'TOKEN'; expected term,11,16965,0.064839
Pythagoras-Prover-4B,miniF2F,Type mismatch,"type expected, got",11,16965,0.064839
Pythagoras-Prover-4B,miniF2F,Syntax error,unexpected identifier; expected 'TOKEN',10,16965,0.058945
Pythagoras-Prover-4B,miniF2F,Type mismatch,"invalid 'ID' step, left-hand side is",10,16965,0.058945
Pythagoras-Prover-4B,miniF2F,Type mismatch,"numerals are data in Lean, but the expected type is a proposition",10,16965,0.058945
Pythagoras-Prover-4B,miniF2F,Syntax error,"unexpected token 'TOKEN'; expected 'TOKEN', 'TOKEN' or 'TOKEN'",9,16965,0.053050
Pythagoras-Prover-4B,miniF2F,Tactic failure,"tactic 'ID' failed, pattern is a metavariable",9,16965,0.053050
Pythagoras-Prover-4B,miniF2F,Tactic failure,interval_cases failed: unsupported type 'TYPE',8,16965,0.047156
Pythagoras-Prover-4B,miniF2F,Tactic failure,rcases tactic failed: 'ID' is not an inductive datatype,8,16965,0.047156
Pythagoras-Prover-4B,miniF2F,Tactic failure,"tactic 'ID' failed, major premise type is not an inductive type",8,16965,0.047156
Pythagoras-Prover-4B,miniF2F,Unresolved name,"overloaded, errors",8,16965,0.047156
Pythagoras-Prover-4B,miniF2F,Tactic failure,tactic 'ID' proved that the proposition,7,16965,0.041261
Pythagoras-Prover-4B,miniF2F,Type mismatch,"invalid constructor ⟨...⟩, expected type must be an inductive type with only one constructor",6,16965,0.035367
Pythagoras-Prover-4B,miniF2F,Syntax error,unexpected end of input,5,16965,0.029472
Pythagoras-Prover-4B,miniF2F,Syntax error,unexpected token 'TOKEN'; expected 'TOKEN' or tactic,5,16965,0.029472
Pythagoras-Prover-4B,miniF2F,Tactic failure,expected 'ID' or indented tactic sequence,5,16965,0.029472
Pythagoras-Prover-4B,miniF2F,Tactic failure,"dependent elimination failed, failed to solve equation",4,16965,0.023578
Pythagoras-Prover-4B,miniF2F,Tactic failure,gcongr did not make progress,4,16965,0.023578
Pythagoras-Prover-4B,miniF2F,Tactic failure,unused alternative 'ID',4,16965,0.023578
Pythagoras-Prover-4B,miniF2F,Type mismatch,"invalid projection, structure has only NUM field(s)",4,16965,0.023578
Pythagoras-Prover-4B,miniF2F,Syntax error,"unexpected end of input; expected 'TOKEN', 'TOKEN' or 'TOKEN'",3,16965,0.017683
Pythagoras-Prover-4B,miniF2F,Tactic failure,"invalid 'ID', proposition expected",3,16965,0.017683
Pythagoras-Prover-4B,miniF2F,Tactic failure,"tactic failed, resulting expression contains metavariables",3,16965,0.017683
Pythagoras-Prover-4B,miniF2F,Tactic failure,case tag 'ID' not found,2,16965,0.011789
Pythagoras-Prover-4B,miniF2F,Tactic failure,index in target's type is not a variable (consider using the 'ID' tactic instead),2,16965,0.011789
Pythagoras-Prover-4B,miniF2F,Tactic failure,"ring failed, ring expressions not equal",2,16965,0.011789
Pythagoras-Prover-4B,miniF2F,Type mismatch,unexpected relation type,2,16965,0.011789
Pythagoras-Prover-4B,miniF2F,Missing instance,"typeclass instance problem is stuck, it is often due to metavariables",1,16965,0.005894
Pythagoras-Prover-4B,miniF2F,Syntax error,expected 'TOKEN' or line break,1,16965,0.005894
Pythagoras-Prover-4B,miniF2F,Syntax error,expected token,1,16965,0.005894
Pythagoras-Prover-4B,miniF2F,Syntax error,"unexpected end of input; expected 'TOKEN', 'TOKEN', 'TOKEN' or 'TOKEN'",1,16965,0.005894
Pythagoras-Prover-4B,miniF2F,Syntax error,"unexpected end of input; expected 'TOKEN', 'TOKEN', 'TOKEN', 'TOKEN', 'TOKEN' or identifier",1,16965,0.005894
Pythagoras-Prover-4B,miniF2F,Syntax error,"unexpected identifier; expected 'TOKEN', 'TOKEN' or 'TOKEN'",1,16965,0.005894
Pythagoras-Prover-4B,miniF2F,Syntax error,unexpected token 'TOKEN'; expected 'TOKEN' or identifier,1,16965,0.005894
Pythagoras-Prover-4B,miniF2F,Syntax error,"unexpected token 'TOKEN'; expected 'TOKEN', 'TOKEN', 'TOKEN' or 'TOKEN'",1,16965,0.005894
Pythagoras-Prover-4B,miniF2F,Syntax error,"unexpected token 'TOKEN'; expected 'TOKEN', 'TOKEN', 'TOKEN', 'TOKEN' or term",1,16965,0.005894
Pythagoras-Prover-4B,miniF2F,Tactic failure,"failed to prove nonzeroness, but it would be possible to prove nonnegativity if desired",1,16965,0.005894
Pythagoras-Prover-4B,miniF2F,Tactic failure,failed to rewrite using equation theorems for 'ID',1,16965,0.005894
Pythagoras-Prover-4B,miniF2F,Type mismatch,don't know how to synthesize placeholder for argument 'ID',1,16965,0.005894
Pythagoras-Prover-4B,miniF2F,Type mismatch,"invalid 'ID' step, relation expected",1,16965,0.005894
Pythagoras-Prover-4B,miniF2F,Type mismatch,"invalid field notation, identifier or numeral expected",1,16965,0.005894
Pythagoras-Prover-4B,miniF2F,Unresolved name,unknown tactic 'ID',1,16965,0.005894
